age,weight_kg,height_cm,activity_level,gender,calories_tdee,fitness_level,weight_change_30d
54,90.5,179.1,3,1,2753,1,2.92
44,103.5,171.3,1,1,2252,0,1.32
30,76.3,177.4,1,1,2000,1,-0.12
58,89.7,176.1,5,0,2957,2,3.51
23,115.7,167.5,3,0,3030,2,4.34
36,127.8,183.9,2,0,2837,0,3.74
54,86.2,187.9,5,0,3065,2,4.74
34,49.1,150.7,3,1,1948,2,-0.1
38,60.4,160.4,1,1,1696,0,-0.93
26,47.0,185.7,3,1,2209,2,0.91
26,107.1,169.3,1,0,2194,0,1.18
39,76.6,183.1,5,0,3001,2,4.03
51,96.5,167.3,5,0,2999,2,4.14
55,91.9,169.5,4,1,2949,2,3.36
39,52.7,157.9,4,0,1961,2,-0.22
18,83.3,162.9,4,1,3065,2,4.39
37,66.0,180.3,5,0,2726,2,3.04
17,84.7,171.7,2,1,2484,1,2.15
39,64.3,188.7,5,0,2854,2,3.36
59,124.8,192.6,3,1,3398,1,5.25
45,61.5,177.1,5,0,2509,2,1.96
53,136.3,187.9,5,0,4036,2,7.95
17,84.5,165.3,1,1,2185,1,0.79
36,125.4,170.7,1,1,2607,0,2.08
48,104.7,185.6,1,0,2083,0,0.24
27,114.9,169.3,5,1,3996,2,7.75
37,117.9,179.4,2,0,2659,1,1.9
59,93.0,159.3,3,1,2516,1,2.26
40,96.6,180.0,3,0,2813,1,3.22
64,93.8,193.1,2,1,2531,1,2.15
42,100.9,193.4,2,0,2520,1,1.87
57,47.8,186.2,3,0,1743,2,-0.82
43,82.6,187.3,4,0,2864,0,3.12
31,102.6,177.9,1,1,2318,0,1.04
30,101.8,179.2,1,0,2142,0,0.74
62,120.3,156.7,3,1,2894,1,3.59
59,107.2,172.2,2,1,2626,1,2.06
18,139.3,172.5,4,1,4154,2,8.87
52,72.0,197.9,3,0,2372,2,1.22
22,79.1,171.6,1,1,2126,1,0.45
36,81.5,177.5,5,1,3293,2,5.56
24,89.3,176.7,2,1,2594,1,1.7
54,124.4,181.8,5,0,3708,2,6.14
33,67.4,187.4,3,1,2661,2,2.71
19,118.7,161.3,1,1,2574,0,1.49
40,83.5,176.4,4,1,3031,2,3.4
29,102.2,191.3,5,1,3929,2,7.87
24,105.1,173.2,4,0,3232,2,4.68
41,80.4,163.9,1,0,1751,0,-0.31
17,93.7,182.7,5,1,3744,2,6.48
35,84.2,191.2,4,1,3201,2,4.58
43,51.6,153.2,4,1,2183,2,0.87
62,86.5,188.8,5,1,3353,2,5.41
22,54.3,191.1,1,0,1750,1,-1.05
59,83.5,173.1,4,0,2459,2,1.59
23,101.3,199.2,3,0,3075,2,4.26
62,100.0,189.3,5,0,3260,2,5.32
50,107.9,188.7,2,1,2778,1,3.26
29,54.0,187.4,2,1,2207,1,0.62
32,107.0,157.5,1,0,2131,0,0.21
51,74.7,160.9,3,0,2041,1,-0.05
55,82.9,173.2,4,1,2801,2,2.74
19,126.5,163.2,2,1,2966,1,3.81
17,45.9,170.8,1,1,1770,1,-0.65
21,100.9,194.4,3,1,3365,2,5.3
57,101.9,191.2,3,1,2982,2,4.34
19,82.7,181.5,1,0,2034,1,0.67
44,67.5,192.9,1,0,1873,0,-0.4
33,67.3,189.2,4,1,2950,2,3.91
41,129.0,171.4,1,1,2615,0,2.13
59,87.0,160.1,4,0,2380,2,1.37
49,76.4,175.7,4,1,2833,2,3.63
25,87.6,186.8,5,0,3294,2,4.87
51,108.6,171.8,3,0,2646,2,2.96
29,58.8,183.3,3,0,2197,1,1.1
46,87.7,154.7,3,0,2223,0,1.09
63,100.8,187.4,5,1,3541,2,5.65
30,135.1,190.6,4,1,4064,2,7.95
23,69.0,185.3,4,0,2760,2,3.15
29,79.1,198.4,1,1,2326,1,0.97
38,81.0,191.3,5,1,3363,2,5.25
55,102.5,195.2,1,1,2419,0,1.86
36,78.9,196.7,5,1,3461,2,5.52
31,95.7,190.1,1,0,2237,0,0.67
60,119.3,183.7,2,1,2810,1,2.61
33,112.0,150.3,3,0,2688,2,2.57
62,87.4,173.3,3,0,2294,2,1.38
39,127.1,178.6,4,1,3850,2,6.95
41,98.0,165.2,2,0,2202,1,0.79
40,96.3,165.9,3,1,2828,1,3.16
60,48.2,198.1,4,1,2514,2,1.8
56,138.7,194.6,2,0,3009,1,4.18
44,56.7,192.5,3,1,2526,2,2.54
30,67.0,170.3,1,0,1681,1,-0.94
60,49.9,150.7,5,0,1910,2,-0.56
16,105.8,154.0,2,1,2670,1,3.21
40,66.3,165.6,4,1,2655,2,2.85
22,62.1,150.8,2,1,2005,1,-0.12
24,53.4,150.9,4,0,2044,2,-0.06
39,54.8,195.8,2,1,2241,1,1.27
16,100.5,185.3,4,0,3292,2,5.09
59,110.4,165.4,3,0,2536,0,1.83
23,82.8,156.6,1,1,2010,1,-0.01
39,90.6,175.6,3,1,2842,1,3.16
26,110.2,150.3,1,1,2369,0,1.19
32,46.7,196.9,3,0,2139,2,0.85
23,75.7,170.7,3,1,2723,2,3.05
50,137.4,170.1,2,0,2719,0,3.05
50,100.1,169.5,5,1,3428,2,5.81
48,69.2,153.5,4,1,2428,2,1.39
20,94.6,181.9,4,0,3137,2,4.25
57,77.6,186.7,4,0,2585,2,2.72
54,95.6,183.8,1,1,2242,0,0.97
56,56.9,156.9,4,1,2178,2,0.25
43,57.6,178.9,4,1,2568,2,2.28
22,58.6,178.5,2,1,2193,1,0.95
24,134.3,193.4,3,1,3731,2,6.9
23,114.6,169.0,4,0,3317,2,4.85
27,60.4,168.6,5,0,2580,2,2.83
49,62.9,180.9,4,0,2327,2,0.82
48,114.4,181.7,1,0,2256,0,1.03
63,59.8,173.5,1,1,1651,0,-0.84
38,67.3,172.2,1,0,1656,0,-1.16
39,136.5,174.7,4,0,3688,2,6.83
52,69.3,193.1,2,0,1974,1,-0.42
50,107.9,173.1,5,1,3603,2,6.35
59,138.0,197.0,4,0,3856,2,7.22
55,80.6,175.2,2,1,2190,1,0.4
37,46.7,197.5,2,0,1795,1,-0.54
42,68.2,191.6,4,1,2926,2,3.36
50,123.9,168.1,4,0,3138,2,4.22
16,127.1,193.2,2,1,3293,1,5.17
50,118.0,155.5,2,0,2501,1,1.91
52,55.7,196.3,2,1,2025,1,0.15
62,120.6,181.6,4,1,3412,2,5.44
29,132.3,152.7,2,0,2635,1,2.9
18,102.1,182.2,1,1,2534,2,1.8
16,134.4,198.7,4,1,4387,2,9.16
20,123.5,153.5,1,0,2295,2,1.29
41,108.4,177.7,3,0,2868,1,3.09
29,99.8,187.4,4,1,3570,2,5.81
54,78.1,190.5,3,0,2478,2,1.9
42,60.1,170.7,2,0,1771,1,-0.63
24,102.5,160.2,2,0,2284,1,1.41
30,75.2,152.1,5,1,2919,2,3.61
30,127.3,179.0,2,1,3068,1,3.96
41,139.4,172.6,3,1,3510,1,5.96
57,116.5,197.4,2,1,2904,1,3.69
28,53.6,153.0,4,1,2397,2,1.63
47,72.4,184.3,2,1,2327,1,1.64
54,55.4,151.2,5,1,2336,2,1.0
64,106.8,158.6,2,0,2225,1,0.67
47,117.7,172.7,3,1,3158,1,4.84
19,132.9,172.7,3,1,3598,2,5.78
45,86.6,184.3,2,0,2289,1,0.97
52,130.6,195.5,3,0,3270,1,4.73
38,128.4,182.0,3,0,3312,1,4.64
54,75.1,197.7,5,1,3200,2,4.62
60,127.5,194.1,4,0,3472,2,5.96
30,80.7,179.2,5,1,3380,2,5.42
58,73.2,191.7,1,1,1996,1,0.22
44,106.7,182.1,5,1,3844,2,7.54
51,76.2,153.9,2,0,1797,1,-0.91
28,104.9,187.0,4,0,3235,2,5.61
47,102.9,154.7,2,1,2471,1,1.73
22,98.5,179.7,1,1,2442,0,1.66
37,81.1,185.1,4,1,2988,2,3.64
43,97.1,153.3,3,0,2408,1,1.75
17,101.7,161.5,5,1,3618,2,6.22
57,96.8,195.8,2,0,2368,1,1.41
60,87.2,180.8,1,1,2004,0,-0.05
21,46.4,162.3,3,0,1920,2,-0.38
43,100.8,184.5,5,1,3713,1,6.72
43,61.0,179.8,3,0,2041,2,0.02
59,106.0,175.1,5,0,3272,2,4.83
59,117.1,198.8,4,0,3306,2,5.41
35,92.5,184.2,3,0,2714,1,2.69
45,96.5,168.8,3,0,2492,1,2.03
26,135.4,190.0,3,0,3470,2,5.46
43,125.5,194.2,4,1,3922,2,7.35
40,131.9,156.3,1,1,2546,0,1.76
54,122.3,160.0,5,1,3788,2,7.52
48,55.3,160.8,3,1,2047,2,0.6
16,59.2,184.6,4,0,2610,2,2.55
42,95.0,180.2,1,1,2224,0,1.52
28,68.4,180.9,5,0,2885,2,3.68
56,90.3,197.0,4,0,2943,2,3.62
18,82.5,188.8,5,0,3327,2,5.28
54,97.2,156.4,3,1,2521,1,2.44
21,116.0,167.4,1,0,2344,0,1.08
23,113.0,171.8,4,1,3629,2,6.0
42,94.5,169.8,1,1,2128,0,0.62
24,123.1,183.5,3,1,3443,2,5.45
52,85.9,194.6,1,1,2258,0,0.33
48,130.2,165.3,1,1,2545,0,1.75
57,51.8,177.6,2,0,1613,1,-1.6
59,135.7,189.5,1,0,2445,0,1.75
39,107.2,170.8,5,1,3663,2,6.5
30,81.1,158.4,4,0,2636,2,3.08
47,63.7,173.7,2,1,2060,1,0.17
47,90.5,152.8,4,0,2498,2,2.02
39,63.5,197.1,4,0,2632,2,1.97
56,60.8,153.7,3,0,1708,2,-1.15
64,103.6,171.9,3,0,2602,1,2.44
64,94.7,176.5,2,0,2225,1,0.46
27,108.7,199.3,3,0,3132,2,4.13
54,133.3,158.3,3,0,2900,1,3.65
17,95.6,155.7,3,0,2478,2,1.7
18,100.2,150.4,4,0,2843,2,3.25
64,53.5,157.8,2,0,1363,1,-2.32
52,113.2,160.4,4,0,2962,2,4.36
64,83.0,181.5,5,0,2802,2,3.06
32,137.8,161.0,4,0,3491,2,6.34
64,123.2,151.0,5,1,3522,2,5.34
17,94.6,191.3,1,0,2301,0,1.22
17,56.7,168.3,1,0,1674,1,-1.37
43,126.6,167.7,5,0,3588,2,6.03
38,121.0,165.1,5,0,3586,2,6.38
52,62.5,198.8,4,0,2426,2,1.6
47,73.1,158.5,5,0,2563,1,1.59
48,120.4,194.9,2,1,3046,1,3.6
16,62.6,188.8,1,1,2033,1,0.34
34,132.2,153.8,1,1,2504,0,1.47
17,85.3,199.3,5,0,3498,2,6.06
59,53.3,163.6,3,0,1591,2,-1.56
41,122.5,154.9,3,0,2849,1,3.26
47,80.5,191.5,5,1,3352,2,5.24
21,95.0,185.3,2,0,2582,1,2.42
47,55.7,180.9,3,0,1946,2,-0.56
19,45.2,157.8,5,1,2532,2,2.08
26,105.6,173.9,2,1,2700,1,2.38
32,93.9,189.0,2,0,2425,1,1.7
53,101.4,165.2,4,0,2736,2,3.06
39,120.4,165.6,2,0,2639,1,2.54
20,106.4,150.2,3,0,2665,2,2.77
49,61.6,158.7,3,1,2127,0,0.28
21,79.3,193.8,5,0,3283,2,4.98
37,131.1,172.1,5,0,3813,2,6.99
26,118.1,199.2,2,1,3156,1,4.41
63,97.9,169.8,1,0,1907,0,-0.6
31,69.3,185.8,4,0,2592,1,2.18
48,73.7,164.1,1,1,1874,0,-0.83
24,114.5,168.2,2,1,2820,1,2.69
21,125.9,159.5,2,0,2712,1,2.56
31,108.8,167.4,1,1,2407,0,1.77
44,121.9,177.4,4,1,3611,2,6.35
18,117.8,199.6,1,0,2612,0,2.01
35,59.2,183.2,5,1,2962,2,3.63
51,85.3,160.0,3,0,2233,2,1.12
34,59.5,152.2,5,0,2191,2,0.61
41,67.3,156.3,3,0,1899,2,-0.82
18,127.6,178.1,2,0,2971,1,4.46
34,89.9,188.3,4,1,3348,2,5.2
35,95.9,197.0,1,0,2179,0,0.35
47,62.0,150.8,4,0,1999,2,0.05
22,74.7,176.1,1,0,1907,1,-0.39
56,66.9,173.5,5,0,2528,2,1.6
48,64.6,182.8,5,1,2850,2,3.34
55,105.6,178.0,1,1,2234,0,1.21
54,69.4,184.4,4,1,2711,2,2.7
33,105.0,182.9,1,0,2276,0,0.46
55,50.6,155.9,2,1,1788,0,-0.72
16,58.5,190.0,5,1,3213,2,4.91
26,71.1,156.2,2,0,1849,1,-0.76
43,101.7,184.9,5,1,3750,2,6.64
40,109.2,170.8,5,0,3483,0,6.46
38,87.1,175.7,3,1,2770,2,2.8
46,87.4,195.2,2,1,2524,1,1.7
45,113.8,194.5,2,1,2982,1,3.83
57,46.5,190.9,3,1,2169,2,0.83
50,77.4,175.5,4,0,2467,2,1.98
22,122.8,186.8,2,0,2940,1,2.92
31,102.3,175.6,1,1,2415,0,1.42
41,77.0,193.5,3,0,2560,2,2.53
63,131.0,170.1,2,1,2834,1,3.35
64,118.4,198.5,4,1,3621,2,5.95
17,70.2,196.6,2,1,2606,1,2.73
16,106.3,187.1,5,1,4038,2,8.23
63,101.6,164.0,1,1,2099,2,0.3
27,83.1,156.6,3,1,2535,2,2.35
20,79.9,192.7,5,0,3363,2,5.91
52,77.6,158.3,4,0,2306,2,0.88
47,103.6,192.7,5,1,3884,2,7.51
24,87.0,174.5,5,0,3217,2,5.34
56,124.0,170.3,4,1,3440,2,5.81
50,108.6,195.2,5,0,3671,2,6.29
34,51.6,180.2,3,0,2111,2,0.5
63,105.8,178.8,2,0,2381,1,1.9
31,70.8,177.9,5,1,3134,2,4.11
18,101.3,168.6,3,0,2799,0,3.1
35,109.6,189.3,2,1,2907,1,3.46
39,66.9,162.6,2,1,2022,1,-0.11
48,88.4,196.9,5,1,3656,1,6.53
39,63.1,194.7,3,0,2319,2,1.21
26,50.0,166.9,5,0,2243,2,1.14
64,81.0,186.5,4,0,2594,2,2.66
23,79.5,178.7,2,1,2460,1,1.41
51,139.6,166.9,5,1,4155,2,8.42
53,87.4,199.4,2,0,2311,1,1.2
55,76.7,151.3,3,1,2276,2,1.14
35,100.1,162.6,1,0,2074,0,0.28
50,53.4,176.0,5,0,2339,2,1.02
63,136.4,176.1,5,0,3761,2,7.3
40,105.3,179.4,2,0,2492,1,2.48
50,116.7,187.6,3,1,3247,1,5.02
40,61.2,181.2,4,0,2346,2,1.53
44,83.9,180.0,3,0,2483,2,1.92
33,85.2,152.7,5,0,2835,2,3.54
61,123.1,168.8,4,0,3216,2,4.01
33,45.1,161.6,3,0,1822,2,-0.69
17,73.6,163.3,1,0,1778,1,-1.04
50,138.2,177.7,2,0,2904,1,3.56
31,90.1,160.0,3,1,2666,2,2.92
56,81.3,164.7,3,1,2465,2,1.82
51,56.4,161.9,1,1,1565,0,-1.8
48,137.5,197.4,5,1,4460,2,9.16
19,46.9,197.2,2,0,2002,1,-0.03
48,115.0,180.5,3,1,3034,1,4.23
29,118.0,196.2,4,1,3822,2,6.85
36,68.1,189.3,3,1,2610,2,1.78
63,108.8,179.5,2,0,2388,1,2.19
35,53.8,150.3,3,1,2009,2,0.13
23,69.4,188.6,1,1,2037,1,0.08
22,119.9,185.1,3,0,3190,0,5.05
18,127.1,180.8,3,1,3610,2,6.31
32,102.8,188.0,4,0,3276,2,5.37
48,93.1,175.6,1,1,2152,0,0.97
63,60.1,185.2,1,0,1597,0,-1.95
27,51.0,196.8,3,1,2515,2,2.14
37,56.2,168.8,4,1,2441,2,2.24
37,66.6,185.4,3,1,2535,2,1.79
61,77.5,173.8,3,0,2092,2,0.06
45,81.2,183.7,2,1,2387,1,1.26
53,77.9,188.1,2,0,2158,1,0.88
53,67.7,152.3,4,0,2109,2,0.51
60,93.4,182.3,5,0,3134,2,3.84
23,123.4,161.3,2,0,2689,1,2.79
42,71.6,183.5,5,1,3217,2,4.67
42,134.5,173.4,1,1,2659,0,2.53
49,128.0,188.7,2,1,3125,1,4.13
36,60.4,156.2,2,0,1702,1,-1.06
45,119.7,181.3,4,1,3675,2,6.84
48,99.6,163.9,5,0,3151,2,4.29
43,98.8,192.6,2,0,2488,1,1.4
62,82.1,196.4,2,0,2181,1,0.61
48,92.6,199.8,4,1,3411,2,5.72
20,82.7,189.8,4,1,3303,2,4.95
63,96.3,187.7,5,0,3088,2,3.79
34,104.7,160.8,1,1,2371,0,1.67
19,109.1,166.8,1,1,2428,0,2.09
50,95.6,173.3,3,0,2531,1,2.08
64,113.5,188.7,2,0,2579,1,1.77
32,58.4,195.7,5,1,3110,2,4.23
59,65.1,159.5,2,0,1589,1,-1.56
43,122.8,196.1,5,0,3960,2,7.39
45,75.6,184.8,5,1,3124,2,4.55
44,47.2,180.5,5,1,2617,2,2.13
61,59.6,160.0,2,0,1566,1,-1.68
21,66.2,152.8,4,1,2604,2,2.28
50,135.9,178.4,2,0,2760,2,3.15
56,99.4,182.6,5,0,3299,2,5.06
52,133.6,160.5,3,1,3236,1,4.76
39,99.6,177.8,1,0,2174,0,0.44
44,90.5,192.8,5,0,3273,2,4.97
64,74.8,191.8,3,0,2228,2,0.81
61,102.6,196.4,4,1,3383,2,5.13
46,58.2,168.3,5,1,2666,2,2.64
50,130.3,165.9,3,1,3189,1,4.74
48,123.8,187.5,5,0,3890,2,7.26
36,75.2,171.6,2,0,2008,1,0.31
47,135.5,154.4,3,1,3148,1,4.55
38,123.4,164.1,2,1,2919,1,3.2
48,108.3,170.9,2,1,2610,1,2.78
18,56.6,164.6,3,0,2052,1,0.43
33,90.4,166.6,1,1,2054,0,0.51
40,93.1,164.7,3,0,2566,1,2.32
57,67.1,152.1,1,1,1545,2,-2.47
46,52.6,181.9,5,0,2419,2,1.96
18,118.8,179.9,5,0,3962,2,7.66
55,56.6,182.7,3,1,2249,1,1.08
61,101.5,159.6,5,0,2935,2,3.8
39,134.0,164.8,4,1,3675,2,7.11
47,128.2,181.0,2,0,2733,1,2.69
62,71.4,180.0,2,0,1890,1,-0.58
37,125.9,175.3,1,1,2570,0,1.97
38,45.0,167.5,5,0,2188,2,0.41
17,46.7,195.6,1,1,1966,1,-0.45
42,102.2,167.0,2,1,2607,1,1.81
57,79.7,172.8,2,1,2134,1,0.65
17,81.7,183.9,5,0,3379,2,5.97
41,98.6,177.2,4,0,3018,2,4.58
32,63.2,167.3,4,0,2341,2,1.07
55,65.1,171.8,5,1,2819,2,3.11
48,91.0,189.7,5,1,3654,2,6.82
24,116.7,163.9,1,0,2220,0,0.99
58,103.9,157.1,5,0,2971,1,3.82
63,73.2,165.7,4,1,2396,2,1.47
54,85.9,192.5,5,0,3108,2,4.67
44,61.2,154.4,1,1,1653,0,-1.67
57,52.1,199.6,1,0,1585,0,-1.47
41,119.4,177.1,1,1,2487,0,2.0
50,70.2,199.2,1,0,1741,0,-1.0
40,61.9,196.9,3,0,2326,2,1.51
39,110.7,172.6,5,1,3865,2,7.28
28,103.7,159.9,2,1,2585,1,2.12
22,105.2,158.2,5,1,3700,2,6.65
51,66.7,162.0,3,0,1881,2,-0.94
60,67.1,185.5,1,1,1865,0,-0.34
35,66.0,163.6,3,1,2325,2,1.53
16,61.5,167.1,4,0,2408,2,1.39
23,107.3,172.4,4,1,3482,2,5.51
61,125.6,195.7,5,1,4119,2,8.07
31,113.8,159.5,5,1,3790,2,6.96
29,120.2,150.3,2,0,2458,1,1.85
27,83.5,153.0,2,0,2036,1,0.62
38,107.1,195.2,4,0,3345,2,5.69
30,78.7,182.4,1,1,2083,1,0.57
43,94.9,163.7,3,0,2564,1,2.23
49,90.8,158.9,2,1,2240,1,0.66
17,61.8,164.7,2,1,2122,1,0.98
47,81.8,155.7,1,1,1824,0,-0.76
38,136.6,197.1,1,0,2786,0,3.15
37,68.6,189.2,5,0,2921,2,3.78
40,57.7,173.1,3,1,2223,1,0.89
37,84.8,193.2,1,1,2306,0,1.54
37,120.1,162.5,2,0,2582,1,2.4
64,100.3,185.9,2,0,2328,1,1.57
57,109.7,192.8,4,0,3184,2,4.75
21,63.0,167.8,1,1,1858,1,-0.57
30,103.8,187.9,5,0,3629,2,6.37
58,75.7,164.8,3,0,2044,2,0.15
52,124.3,164.9,5,0,3611,2,5.89
48,104.8,155.4,2,1,2389,1,1.22
23,63.9,172.0,5,0,2809,2,3.37
59,51.1,186.5,2,1,1901,1,-0.76
59,49.1,197.0,2,1,1984,1,-0.18
20,80.3,180.2,2,1,2563,1,1.88
54,70.3,193.2,2,0,2002,1,-0.13
19,106.4,191.1,2,0,2796,2,3.06
21,92.4,158.7,4,0,2711,2,2.65
60,70.3,174.3,5,1,2808,1,2.72
47,59.2,155.8,4,0,1972,2,-0.17
45,57.1,184.1,4,1,2527,2,1.77
62,127.1,197.5,1,0,2431,0,1.49
50,68.1,156.9,1,0,1520,0,-1.65
55,106.9,186.7,1,0,2195,0,1.05
31,122.0,181.6,3,0,3173,2,4.18
28,103.3,179.2,1,1,2389,0,1.98
57,126.7,169.5,5,1,3906,2,7.27
45,82.3,167.8,4,1,2855,2,3.15
34,135.8,152.3,5,1,4122,2,8.0
32,57.6,160.9,1,0,1552,1,-1.73
34,54.7,150.8,3,1,2054,2,0.81
43,107.6,179.1,3,1,3032,1,3.56
41,134.6,155.3,4,1,3618,2,5.69
52,121.8,193.7,5,0,3787,2,7.04
41,52.3,176.2,2,1,1942,1,-0.06
38,71.5,185.0,5,1,3218,2,4.76
24,133.4,170.5,1,0,2578,0,2.43
27,69.0,178.0,2,0,2070,1,-0.07
16,119.2,197.1,3,1,3642,1,6.11
16,123.4,154.1,4,1,3668,2,6.54
62,92.1,162.7,4,0,2504,2,2.49
49,81.7,189.0,3,1,2679,1,2.81
47,87.8,154.9,1,0,1652,0,-1.17
63,66.6,153.8,3,1,2006,1,-0.3
40,129.5,168.1,1,1,2604,0,2.48
55,87.8,154.6,2,1,2130,1,0.15
60,128.8,179.3,3,1,3264,1,5.46
16,55.0,161.3,1,1,1804,1,-1.07
31,138.9,194.8,2,0,3175,2,4.34
54,87.1,189.2,3,0,2461,2,1.35
20,49.5,185.0,4,1,2735,2,2.89
37,48.6,180.8,3,1,2283,2,1.12
44,115.9,193.2,5,1,4031,2,8.37
18,107.6,161.2,3,0,2799,2,3.35
27,121.2,193.7,5,0,4100,2,7.94
41,55.0,189.5,2,0,1874,1,-0.23
31,48.4,187.4,3,0,1965,2,-0.51
52,93.3,178.1,2,0,2164,1,0.43
37,81.8,162.3,2,0,2032,1,0.16
44,88.9,171.2,1,0,1835,0,-0.98
29,139.2,189.7,2,0,3103,1,4.62
43,137.2,151.6,2,1,2902,1,4.2
20,134.5,189.1,3,0,3586,0,6.09
62,119.5,162.0,3,0,2677,1,2.44
64,78.7,157.2,4,0,2277,2,1.04
45,84.2,155.8,1,0,1786,0,-1.0
61,97.2,151.4,2,1,2297,1,1.23
20,123.9,176.2,1,0,2509,2,1.59
27,51.5,160.9,5,1,2545,2,2.22
31,85.3,199.5,2,1,2704,1,3.32
41,52.8,178.7,1,1,1787,0,-1.43
41,93.9,156.9,4,0,2676,2,2.28
63,130.4,184.4,4,0,3504,2,5.73
36,119.3,194.9,2,0,2890,1,3.63
54,66.6,187.3,5,1,3015,2,4.22
51,137.7,153.8,4,1,3657,2,6.7
48,108.4,194.8,4,1,3581,2,5.65
45,46.0,189.7,5,1,2584,2,2.07
52,69.3,157.9,1,0,1485,0,-2.28
38,69.8,152.6,4,0,2303,2,1.16
25,51.6,177.9,3,0,2039,2,0.16
20,136.2,157.8,4,1,3875,2,6.9
51,90.4,191.7,1,1,2171,0,0.53
49,130.1,167.9,1,0,2423,0,1.82
46,75.6,195.6,2,0,2267,1,0.85
25,56.9,178.3,3,1,2379,2,1.42
34,90.1,159.1,1,0,1884,0,0.06
47,55.8,157.0,5,0,2138,2,1.14
16,91.2,178.8,3,1,3060,2,3.48
20,132.4,188.1,3,1,3753,2,6.86
60,94.5,189.1,5,1,3520,0,6.8
19,103.6,163.8,4,0,3127,2,4.54
31,59.9,160.2,5,1,2902,2,3.52
39,49.2,150.8,5,0,1997,2,0.38
31,55.5,184.0,4,0,2311,2,1.28
17,101.9,153.8,4,1,3258,2,5.11
64,54.0,171.0,4,0,1868,2,-0.58
43,80.7,180.1,4,1,2897,2,3.56
47,97.3,196.9,4,1,3353,2,5.4
42,81.9,165.6,5,0,2772,2,3.27
35,60.5,162.5,2,0,1719,1,-1.22
39,71.0,182.7,2,1,2311,1,1.07
27,133.2,181.0,1,1,2774,0,2.44
50,109.2,166.6,2,1,2588,1,2.17
48,92.1,196.4,2,1,2676,1,2.92
48,46.2,192.2,5,1,2676,1,2.77
58,139.3,161.2,4,1,3636,2,6.07
52,108.8,162.0,4,0,2915,2,2.99
27,75.1,175.6,5,0,2853,2,3.28
18,128.5,188.7,2,0,2924,1,3.88
16,69.6,152.2,5,0,2688,2,2.54
48,96.7,184.7,1,1,2288,0,0.69
55,105.4,182.4,4,0,3136,2,4.25
25,66.0,161.6,3,0,2153,2,0.69
58,137.9,184.1,1,1,2735,0,3.24
59,116.1,197.0,1,0,2314,0,1.14
44,98.0,152.3,5,1,3277,2,5.29
28,62.2,166.0,2,1,2179,1,0.98
27,50.1,171.9,4,1,2387,2,1.16
46,75.4,195.0,3,1,2729,2,3.22
61,116.6,198.1,1,1,2631,0,2.55
17,70.6,172.2,3,0,2395,2,1.18
50,96.3,187.5,2,0,2452,1,2.29
38,114.2,176.6,2,0,2573,1,2.2
32,55.3,176.9,3,1,2328,2,0.7
41,110.1,163.9,4,0,3037,2,3.83
23,53.7,160.8,2,0,1631,1,-1.72
44,136.7,164.4,3,0,3062,1,3.93
41,91.4,177.8,1,0,1936,0,-0.38
25,59.3,151.5,3,1,2242,2,0.86
41,77.5,195.4,3,0,2571,2,2.13
49,84.3,157.8,5,1,3035,2,4.01
56,117.0,161.0,2,1,2656,1,2.73
22,115.6,175.9,4,0,3415,2,5.29
19,103.1,185.5,4,1,3684,2,6.91
60,55.1,154.8,5,1,2324,2,0.9
26,59.4,165.9,4,1,2600,2,2.52
44,53.9,198.4,3,1,2411,2,2.1
51,99.8,163.1,5,1,3393,2,5.37
40,128.3,165.7,1,1,2527,1,2.11
36,86.2,191.8,2,1,2642,1,2.21
51,60.3,152.5,2,0,1511,1,-2.06
25,98.0,173.2,2,0,2388,1,1.98
52,122.1,169.0,3,1,3169,1,4.78
24,115.5,165.8,1,1,2487,0,2.02
39,128.7,164.3,5,0,3698,2,6.03
50,71.4,154.6,5,0,2456,2,1.56
64,63.4,165.7,2,0,1605,1,-1.02
50,128.6,152.2,1,0,2181,0,0.83
63,107.5,189.0,1,1,2405,0,1.74
51,74.5,169.9,1,1,1946,0,-0.16
33,115.5,172.2,4,0,3366,2,5.14
64,122.4,194.7,4,0,3367,2,5.43
54,103.4,182.9,2,0,2463,1,1.34
47,110.3,150.4,1,0,1930,0,-0.76
39,80.6,197.2,1,1,2173,0,0.45
38,96.2,161.9,5,0,2965,2,3.82
47,94.8,155.4,5,0,2977,2,3.34
52,125.6,188.4,2,0,2724,1,2.86
27,124.8,175.0,1,1,2648,0,2.23
64,124.1,171.7,2,1,2703,1,2.48
28,46.0,162.5,5,1,2583,2,2.66
38,116.2,177.4,5,0,3629,2,6.36
40,117.1,163.7,4,0,3097,2,4.0
50,109.4,195.1,2,0,2638,1,2.54
56,116.8,160.8,2,1,2538,1,1.66
45,125.0,194.2,1,1,2651,0,2.65
32,89.7,178.0,1,0,1920,1,0.02
64,92.7,191.4,4,0,2762,2,3.17
35,56.8,185.6,3,1,2425,2,2.3
63,81.6,184.8,3,0,2220,2,0.27
40,106.1,166.2,3,0,2621,1,2.46
37,119.1,161.7,2,0,2552,1,1.75
28,65.6,160.5,2,1,2069,1,0.22
34,58.1,192.9,5,0,2865,2,3.37
64,108.0,191.0,2,0,2557,1,2.85
51,45.2,172.0,2,0,1484,1,-2.03
27,61.9,156.6,2,0,1819,1,-0.73
56,47.8,169.1,4,1,2210,2,1.12
34,60.9,181.0,2,1,2135,1,0.51
27,62.2,172.7,1,1,1811,1,-0.19
24,81.8,189.0,1,0,2062,1,0.44
22,83.2,199.9,5,1,3747,2,7.05
43,128.1,159.6,4,0,3259,1,4.34
29,93.5,173.0,1,1,2273,0,1.66
46,113.7,171.5,4,0,3099,2,4.09
34,54.9,165.2,4,1,2386,2,1.5
62,66.4,159.9,5,1,2587,2,2.09
31,111.8,153.3,4,1,3341,2,4.92
20,50.0,194.4,2,0,1940,1,-0.59
50,91.2,171.0,4,0,2755,2,2.97
27,101.9,174.8,5,0,3362,2,4.72
40,102.2,195.8,5,1,3868,2,7.21
36,47.2,188.8,5,0,2478,2,2.18
51,75.6,156.5,1,0,1550,0,-1.56
38,105.5,178.3,2,0,2471,1,1.97
31,59.2,172.1,1,0,1715,1,-1.38
54,111.1,189.9,3,0,2850,1,2.84
60,115.9,186.2,2,0,2682,0,2.97
57,138.3,184.5,4,1,3914,2,7.32
54,64.9,167.0,5,1,2718,2,2.77
29,123.4,190.2,3,0,3305,2,5.03
46,94.4,152.6,2,1,2427,2,1.87
20,80.5,158.0,1,1,1987,1,0.5
50,56.6,166.8,5,0,2219,2,1.29
38,114.9,153.8,1,0,2073,0,-0.41
44,67.4,161.7,2,1,2023,1,-0.0
58,80.3,191.5,2,0,2043,1,-0.24
26,50.9,197.4,3,1,2509,2,2.27
33,121.1,165.2,4,1,3680,2,6.54
62,117.8,163.2,1,1,2280,0,1.27
27,114.7,164.0,3,0,2893,2,3.36
24,73.4,163.9,5,1,3092,2,3.94
25,61.5,151.8,4,0,2249,2,0.71
59,105.6,196.3,3,0,2790,1,2.62
32,92.1,160.7,1,0,2018,0,-0.31
53,61.9,171.0,2,0,1832,2,-1.1
22,110.2,150.5,5,0,3378,0,5.06
61,139.2,192.9,1,1,2756,1,2.62
28,116.0,186.6,4,0,3544,2,6.14
55,115.3,197.3,4,0,3419,2,5.64
57,135.3,189.1,2,0,2831,1,3.36
24,64.3,165.7,2,0,1895,1,-0.06
42,98.7,162.4,5,0,3033,2,4.0
17,138.1,184.9,5,1,4687,2,10.24
20,60.7,168.2,2,0,1955,2,0.49
44,111.5,178.3,2,0,2474,1,2.12
52,100.7,150.3,4,1,2894,2,3.53
53,100.7,153.1,2,0,2047,1,0.21
34,111.3,176.8,3,1,3137,2,4.52
23,133.3,178.3,1,1,2833,0,3.18
63,119.3,187.6,2,1,2790,1,3.12
60,50.3,156.6,5,1,2240,2,1.09
16,126.0,175.7,3,0,3200,2,4.46
37,66.4,159.7,5,0,2511,2,1.5
32,80.8,154.7,3,1,2508,2,1.36
22,88.9,170.5,2,1,2507,1,2.24
40,90.7,158.2,1,0,1832,0,-1.13
60,86.3,161.1,5,1,3002,2,4.04
19,134.0,165.9,3,1,3504,2,5.52
51,112.1,163.0,4,1,3185,2,4.28
21,105.0,154.4,2,0,2494,1,1.71
46,49.7,154.5,1,1,1454,0,-2.07
34,130.9,159.7,2,0,2712,1,2.39
59,131.4,152.5,4,0,3175,0,4.39
54,119.1,181.3,1,0,2449,0,1.74
42,45.7,164.4,4,1,2144,2,0.2
25,50.4,164.0,2,1,1960,1,0.27
41,66.4,166.6,3,0,2040,2,-0.36
34,57.5,183.1,2,0,1882,1,-0.52
54,82.9,193.5,2,0,2174,1,1.06
18,132.6,188.0,2,1,3266,1,4.54
60,89.8,186.4,5,1,3358,2,5.26
28,46.3,174.2,4,0,2084,2,0.37
43,71.9,184.7,4,0,2630,2,2.21
35,49.2,177.6,4,1,2474,2,1.82
43,48.4,160.8,5,0,2137,2,0.7
23,71.2,160.4,3,1,2464,2,1.67
56,71.2,164.8,2,1,1999,1,0.22
54,119.8,195.5,3,0,3097,1,4.39
16,137.6,177.4,5,0,4205,2,8.42
18,80.3,186.7,4,1,3233,2,5.14
28,85.7,167.3,2,1,2388,1,1.29
43,125.3,170.4,1,1,2484,0,2.14
64,70.5,156.3,1,1,1534,0,-2.03
40,59.9,158.6,3,1,2229,2,0.8
48,126.0,191.4,4,0,3511,2,5.84
53,49.4,179.2,1,1,1683,0,-1.13
21,103.9,166.9,3,1,3125,2,3.66
59,98.4,190.1,5,1,3512,2,6.03
60,77.9,162.3,3,0,2010,2,0.01
47,74.9,198.8,3,0,2602,2,2.43
60,118.3,167.2,3,1,3085,1,4.38
62,53.2,166.9,2,1,1745,1,-0.88
36,67.5,165.6,3,0,2135,2,-0.08
31,114.6,156.1,3,0,2767,2,2.67
36,97.1,155.6,2,0,2225,2,0.97
26,57.2,182.4,2,0,1917,1,-0.26
52,128.8,193.8,5,1,4162,2,8.19
51,82.4,189.5,4,0,2681,2,2.87
50,123.6,157.1,1,1,2369,0,1.36
34,119.8,177.3,1,1,2513,0,2.26
35,104.3,155.3,3,0,2597,1,2.69
33,92.0,152.3,5,0,2883,2,3.52
62,138.1,182.8,3,0,3142,1,4.62
56,58.8,176.8,1,0,1544,0,-1.96
64,113.9,154.1,2,1,2470,1,2.1
29,63.2,151.7,4,1,2484,2,1.95
30,77.1,199.5,5,1,3603,2,6.16
46,74.3,151.5,2,0,1810,1,-1.1
16,135.0,172.2,4,1,4128,2,8.15
18,136.9,175.2,5,0,4182,2,8.17
31,62.4,155.9,5,1,2730,2,3.07
38,47.1,158.5,1,0,1267,0,-2.49
26,113.4,167.6,2,1,2806,1,3.42
27,84.7,188.1,5,1,3644,2,7.15
25,53.4,175.4,5,0,2619,1,2.27
47,110.0,181.9,4,1,3509,2,6.06
31,96.8,199.3,1,1,2386,0,1.15
23,138.1,188.4,3,0,3593,2,6.15
53,66.6,171.7,1,0,1484,0,-2.45
27,83.4,172.3,3,0,2548,2,2.3
39,96.5,180.9,2,0,2375,0,1.35
43,120.2,183.3,2,0,2746,1,2.29
23,97.1,175.0,5,1,3649,2,6.22
43,103.2,182.2,2,0,2527,1,2.59
51,66.5,151.2,5,1,2510,2,2.11
41,125.5,171.5,1,1,2518,0,2.25
23,85.7,163.9,2,0,2158,1,0.65
43,58.4,156.5,1,1,1534,0,-1.87
43,108.1,155.0,1,1,2212,0,0.83
52,65.5,180.2,2,0,1961,1,-0.08
56,54.3,176.2,1,1,1776,0,-1.2
51,126.9,162.7,2,0,2576,1,2.47
42,88.7,173.5,2,0,2257,1,1.34
32,116.2,174.6,2,0,2668,1,2.54
24,72.6,159.8,3,1,2520,2,1.87
48,119.8,182.6,1,1,2508,0,1.75
35,55.6,189.0,4,1,2714,2,3.31
28,78.8,189.6,2,1,2554,1,2.02
43,137.9,180.1,1,0,2526,0,2.24
63,120.4,175.6,5,1,3780,1,6.88
44,92.2,153.1,2,0,2057,1,0.15
28,77.3,164.4,2,1,2331,1,1.06
61,127.9,154.7,4,1,3302,2,4.78
50,96.8,198.2,3,1,3037,1,4.26
21,117.1,156.8,3,1,3273,2,4.66
33,116.6,157.6,2,1,2796,1,3.24
20,46.7,194.5,1,0,1773,1,-0.86
62,57.0,197.2,5,1,2846,2,3.52
40,107.7,188.3,5,1,3927,2,7.33
17,60.4,150.3,1,1,1805,0,-0.43
25,69.3,150.1,2,1,2155,1,0.56
45,134.9,168.9,5,0,3738,2,7.55
60,98.2,157.2,3,1,2522,1,1.55
20,116.3,150.9,1,0,2280,0,1.82
48,98.0,173.2,4,1,3139,2,4.4
16,97.5,197.2,2,0,2670,1,2.68
33,53.9,166.2,1,0,1440,0,-2.36
47,77.6,183.1,5,0,2869,2,2.91
62,71.8,182.6,2,0,1839,1,-0.78
64,82.1,162.6,3,0,2207,2,0.7
26,120.8,182.5,2,1,3057,1,4.17
36,80.3,160.6,2,0,2013,1,0.39
41,87.9,156.1,3,1,2594,2,2.37
40,82.8,185.1,3,0,2564,2,2.26
37,53.9,155.7,2,0,1650,1,-1.25
42,86.9,199.8,3,1,3019,2,3.44
64,63.6,159.2,1,0,1348,0,-3.04
28,62.7,179.7,3,0,2232,2,0.45
48,53.9,170.6,3,0,1905,2,-0.48
49,78.9,156.3,2,0,1843,1,-1.17
56,117.0,151.4,1,1,2209,0,0.61
50,71.3,181.1,4,0,2493,2,1.51
16,74.7,190.3,4,0,2964,2,3.9
36,106.1,192.1,5,1,3875,2,7.44
63,63.6,174.1,3,1,2228,2,0.8
21,130.2,188.9,3,0,3424,2,4.98
43,94.4,183.6,1,0,2095,0,0.3
32,87.5,186.2,4,1,3289,2,5.12
20,98.0,174.6,5,0,3520,2,6.17
46,60.8,181.7,1,1,1889,0,0.1
20,103.3,190.3,3,0,3107,2,4.65
53,79.5,169.9,4,1,2827,2,3.27
18,130.2,190.3,5,1,4587,2,9.99
38,61.0,179.6,2,1,2130,2,0.28
52,93.2,158.3,4,0,2631,2,2.87
52,101.8,151.2,5,0,2967,2,3.82
25,48.2,168.1,1,0,1480,1,-1.84
25,79.6,177.3,2,0,2245,1,0.78
34,114.6,192.0,5,1,4142,2,7.97
32,122.9,156.4,5,1,3856,2,7.11
36,74.8,190.0,3,1,2793,1,3.0
29,120.9,193.2,4,0,3642,2,6.46
24,136.9,157.5,3,0,3316,2,4.9
61,126.4,192.6,2,0,2671,1,2.62
16,56.2,199.6,5,1,3267,2,5.29
60,115.3,186.3,3,0,2879,1,2.92
28,75.4,189.2,4,0,2878,2,2.79
19,138.9,199.7,2,1,3522,1,6.31
16,91.1,180.3,1,1,2371,0,1.01
64,56.6,165.4,3,0,1678,2,-1.37
55,113.9,191.9,2,1,2786,1,3.24
47,75.7,180.7,1,0,1805,0,-0.78
49,139.7,179.1,3,1,3460,1,5.67
43,138.1,162.7,2,1,2981,1,3.84
46,107.3,187.8,2,1,2806,1,3.89
23,57.3,154.1,3,0,1904,2,0.16
54,110.3,196.2,2,0,2690,1,2.48
41,53.8,166.3,5,0,2363,2,1.73
49,47.8,156.4,3,1,1805,2,-0.61
18,123.2,172.1,2,1,3009,1,3.93
27,64.9,152.1,1,1,1650,1,-1.64
16,81.0,184.2,1,1,2225,1,1.01
59,137.5,195.1,5,0,4101,2,8.09
20,77.0,191.9,3,0,2627,2,2.33
45,73.2,156.4,2,0,1842,1,-0.85
45,132.2,156.3,2,1,2783,1,3.35
32,55.5,190.7,1,1,1950,1,-0.42
63,117.2,196.2,5,0,3624,2,6.1
62,138.9,173.0,1,1,2599,0,2.57
38,130.6,174.9,1,0,2454,0,1.72
30,106.9,165.9,5,1,3662,2,6.44
52,74.8,194.7,3,1,2593,2,2.62
36,69.2,182.2,2,0,2097,1,0.77
29,122.8,164.4,3,0,3042,2,3.42
17,128.6,164.9,4,1,3911,2,7.41
26,94.9,194.6,4,0,3249,2,4.44
54,68.2,150.7,4,0,2065,2,0.14
53,55.7,166.1,5,1,2451,2,1.76
49,53.3,177.7,1,1,1671,0,-1.39
53,113.3,157.4,3,1,2877,1,3.11
49,84.9,154.6,2,0,2036,1,-0.18
33,131.0,190.8,4,1,4075,2,8.3
45,115.3,194.7,3,1,3409,1,5.95
30,63.2,191.2,4,1,2931,2,3.01
42,103.3,194.9,4,1,3495,2,5.72
49,86.4,177.7,2,1,2390,1,1.74
53,99.8,190.6,5,0,3363,2,5.3
48,115.1,169.2,1,1,2321,0,0.92
39,121.6,183.3,5,1,4107,2,8.07
30,125.2,199.4,3,0,3380,2,5.47
45,69.1,161.3,5,1,2891,2,3.38
57,48.0,169.5,3,1,1847,2,-0.61
32,115.2,174.0,3,0,3035,2,4.02
20,55.1,156.9,1,1,1677,1,-1.42
44,74.9,154.1,2,0,1762,1,-0.68
19,45.4,191.5,1,1,1931,1,-0.41
25,109.8,198.8,5,0,3940,2,7.26
32,60.9,170.2,3,0,2158,2,1.28
25,107.3,154.4,4,1,3348,2,5.23
32,139.2,153.3,4,0,3603,2,5.47
35,51.9,194.6,3,0,2197,2,1.14
39,52.3,173.2,1,1,1691,0,-0.83
20,77.3,166.0,2,1,2376,1,1.6
49,127.3,173.8,1,0,2406,1,1.77
21,65.5,165.9,3,1,2428,2,2.32
17,79.2,174.5,3,0,2504,2,1.68
28,51.5,193.0,2,0,1937,1,-0.2
58,117.5,179.6,5,1,3719,2,7.29
58,83.8,184.7,5,1,3251,2,5.53
63,117.1,168.2,2,0,2307,1,1.09
26,130.8,186.9,5,1,4471,2,10.23
62,67.1,183.3,4,1,2651,2,2.78
38,121.7,156.0,5,0,3474,2,6.19
31,50.6,178.6,5,0,2566,2,2.44
46,130.4,162.8,5,0,3595,2,6.31
26,106.8,190.2,4,0,3451,1,6.32
31,128.1,171.3,5,0,3900,2,7.25
23,45.0,199.7,4,0,2368,2,2.0
19,61.1,154.6,2,1,2180,1,1.32
55,82.0,189.0,1,0,1876,0,-0.08
19,81.1,183.7,2,1,2525,1,2.03
40,66.5,188.4,1,1,1907,0,-0.29
18,81.3,165.4,2,0,2182,1,0.33
47,57.2,174.6,1,1,1714,0,-1.25
18,84.2,189.8,1,0,2138,1,0.72
42,121.2,161.6,3,1,3112,1,3.9
44,90.5,161.3,1,0,1870,0,-0.59
47,46.7,177.6,1,0,1398,0,-1.76
34,85.0,176.2,3,0,2415,2,1.57
36,47.6,164.1,5,0,2198,2,1.08
20,136.8,164.9,5,1,4258,2,8.97
33,57.1,163.9,3,1,2243,2,0.85
43,112.2,188.6,4,1,3558,2,6.02
57,137.4,182.6,1,1,2691,0,2.74
37,123.5,191.6,1,1,2769,0,2.38
36,111.4,198.8,3,0,3077,1,4.48
21,124.7,173.7,3,0,3257,2,4.86
16,138.3,153.3,4,0,3601,2,6.53
20,104.0,152.4,5,0,3378,2,5.49
56,98.1,164.8,2,0,2141,1,0.5
27,104.7,196.6,5,1,4035,2,7.99
41,95.6,176.2,1,0,2064,0,0.31
61,105.3,163.6,3,0,2473,1,2.29
49,87.7,170.0,4,1,2890,1,3.49
64,65.8,179.9,5,1,2764,2,3.06
29,56.4,182.6,4,0,2412,2,1.23
41,51.5,157.7,5,0,2223,2,0.85
60,70.0,198.9,1,1,1881,0,-0.03
42,49.4,177.2,2,0,1693,1,-1.07
24,98.9,156.8,4,0,2943,2,3.35
41,72.0,194.7,4,0,2719,2,2.51
62,123.3,153.7,2,1,2663,1,2.36
37,52.1,195.4,4,0,2404,2,1.87
62,66.5,199.8,4,0,2480,2,2.13
45,114.4,185.0,5,1,3982,2,6.69
58,101.9,188.5,5,1,3638,2,6.36
63,51.1,166.9,2,1,1691,1,-1.16
32,128.3,197.1,1,0,2659,0,2.28
41,128.3,176.5,4,1,3739,2,6.66
51,76.4,186.6,1,0,1787,0,-0.43
16,77.3,196.2,2,1,2620,1,2.54
23,139.0,198.8,2,0,3307,1,4.94
64,104.5,191.7,5,1,3502,2,5.79
50,95.5,165.2,4,0,2738,2,2.81
30,124.6,198.3,3,0,3373,2,5.43
62,72.1,181.4,2,1,2047,1,-0.25
37,85.8,196.5,4,1,3303,2,4.88
29,70.4,183.8,1,0,1880,1,-0.16
41,120.0,165.4,5,1,3893,2,7.35
43,99.5,168.5,1,0,1874,0,-0.75
38,107.6,177.5,2,1,2819,1,2.95
29,69.0,189.5,2,1,2347,1,1.57
39,65.9,165.9,1,0,1642,0,-1.55
17,91.4,179.0,2,1,2722,1,2.97
60,115.1,167.3,4,1,3236,2,4.63
41,94.9,190.8,2,0,2474,1,1.51
29,48.1,173.3,5,0,2372,2,1.52
22,127.5,153.8,4,1,3573,2,6.1
18,51.1,158.3,3,0,1996,2,0.19
62,135.8,153.1,2,1,2724,1,3.09
38,47.4,175.0,2,1,1858,1,-0.66
61,111.0,155.3,5,0,3047,2,4.19
58,52.8,155.7,5,0,2009,2,-0.08
62,131.5,197.1,1,0,2488,0,2.09
60,89.1,193.6,1,0,1996,0,0.05
33,58.1,172.6,1,0,1533,1,-2.01
53,77.4,199.3,5,0,2990,2,3.65
50,60.7,150.0,1,1,1553,0,-1.66
30,61.2,180.7,1,1,2011,1,0.39
40,135.1,180.8,3,0,3280,1,5.26
52,87.3,172.9,1,1,2092,0,0.08
43,119.9,169.8,2,1,2822,1,2.95
25,105.8,172.8,5,1,3809,2,6.84
54,109.3,170.7,4,1,3256,2,4.72
32,57.5,186.5,3,0,2192,2,0.2
54,67.2,156.8,5,1,2666,2,2.83
37,119.7,159.9,5,1,3900,2,7.27
41,137.2,159.0,2,0,2768,1,3.13
59,70.0,163.1,1,0,1575,0,-1.75
40,70.8,176.3,2,0,1944,1,-0.23
32,89.9,155.6,1,0,1840,1,-0.83
28,138.5,193.4,1,1,2914,0,3.55
35,70.6,164.9,5,0,2676,2,2.37
40,83.7,158.1,1,1,1938,0,-0.25
19,129.7,183.8,3,1,3688,2,7.01
25,45.3,151.9,3,0,1684,2,-1.08
18,48.8,181.0,3,0,2123,2,0.56
56,102.4,184.9,5,0,3338,2,4.82
60,131.2,160.7,2,0,2448,1,1.92
33,67.7,152.1,4,0,2351,2,1.57
62,89.6,168.2,1,0,1757,1,-0.86
51,87.8,154.9,4,1,2652,2,2.61
62,89.9,155.8,2,1,2164,1,0.6
37,104.1,162.7,2,1,2584,1,2.47
49,89.6,164.8,5,1,3199,2,5.09
62,87.5,176.5,3,0,2386,2,1.6
23,90.1,183.9,3,0,2787,2,2.78
55,101.1,179.6,2,1,2578,1,1.98
64,96.0,157.4,5,1,3118,2,4.57
59,126.1,158.6,5,1,3724,2,6.43
34,49.7,193.9,1,0,1743,1,-0.94
57,124.2,177.9,3,0,2883,1,3.34
56,125.2,193.5,2,0,2785,1,2.74
52,72.1,168.6,4,1,2624,2,2.68
21,89.0,180.7,3,1,3015,2,4.17
41,86.7,176.2,1,0,1880,0,-0.87
49,65.8,166.0,5,0,2362,2,1.55
60,82.7,173.5,2,1,2230,1,1.0
21,49.2,175.1,3,1,2318,2,1.49
52,71.4,160.0,4,0,2305,2,1.24
48,122.6,165.8,1,1,2369,0,1.86
37,72.0,189.6,1,0,1929,0,-0.32
36,122.7,195.8,3,0,3389,0,5.33
21,95.5,168.0,4,1,3267,0,4.64
21,128.6,165.3,1,1,2599,0,2.05
63,99.6,159.8,2,1,2296,1,0.85
19,47.8,183.9,1,0,1647,1,-1.31
45,109.2,166.2,4,1,3323,2,5.07
26,49.3,199.4,5,1,3037,2,4.14
45,87.8,166.3,5,0,2987,2,3.48
46,133.3,169.7,3,0,3048,1,3.83
39,60.7,180.2,4,1,2575,2,1.98
24,82.0,190.1,1,0,2128,1,1.15
18,114.3,173.5,1,0,2258,0,0.96
46,128.8,171.1,5,0,3727,2,6.71
55,108.7,199.8,5,1,4081,2,8.09
52,69.5,150.5,2,1,1898,1,0.07
51,109.1,194.8,5,0,3539,2,5.51
39,73.2,157.5,2,0,1867,0,-0.54
46,113.3,189.3,1,0,2307,0,0.71
21,135.6,180.9,2,1,3290,1,4.31
17,113.5,167.1,2,0,2692,1,2.48
35,127.0,193.7,3,0,3272,1,5.08
43,45.2,150.6,5,1,2333,2,1.06
26,113.2,161.3,2,0,2555,1,2.28
19,123.8,178.3,1,1,2752,0,2.96
30,48.9,167.6,4,1,2368,2,1.39
21,127.8,180.5,2,1,3235,1,5.19
64,69.4,151.2,5,0,2187,2,0.55
45,108.2,155.8,3,0,2602,1,2.46
53,121.0,156.4,1,1,2266,0,0.5
17,108.0,159.5,3,0,2787,2,3.1
30,53.8,173.0,4,1,2577,2,2.17
26,101.7,187.6,2,0,2588,1,1.93
23,97.2,195.3,2,1,2821,1,3.32
41,130.5,191.8,5,1,4345,2,8.92
60,83.4,159.8,2,0,1922,1,0.21
59,75.5,172.1,1,0,1618,0,-2.22
20,116.2,160.0,4,0,3274,1,5.04
21,84.2,163.2,3,0,2475,2,1.86
41,106.4,175.2,4,1,3283,2,4.91
19,106.4,153.4,2,1,2584,1,2.12
34,129.4,160.9,3,0,3068,2,4.18
35,101.9,196.8,5,0,3597,2,6.54
48,92.7,173.3,4,1,3115,2,3.84
35,58.2,172.3,3,0,2098,2,0.14
64,56.0,150.7,3,0,1619,2,-1.8
27,59.7,162.4,3,0,2130,2,0.18
62,61.3,193.3,1,0,1616,0,-1.39
16,105.6,158.2,4,1,3431,2,5.75
41,115.4,170.8,3,1,3104,1,4.62
29,95.3,150.7,4,0,2864,1,3.55
53,123.8,173.9,3,1,3299,1,5.27
52,139.2,151.1,5,0,3639,2,5.96
26,122.9,191.0,5,0,4069,2,8.51
51,111.0,191.2,5,0,3658,1,6.4
28,95.6,189.4,2,1,2749,1,3.23
58,87.6,164.2,3,1,2474,2,1.43
18,53.0,191.9,2,1,2305,1,1.11
48,82.9,177.1,4,1,2939,2,3.94
21,131.5,168.7,2,1,3129,1,4.41
25,121.8,181.3,4,0,3520,2,5.69
20,65.5,150.6,4,0,2218,2,1.24
38,89.3,157.1,4,1,2928,2,3.26
25,122.6,187.1,2,1,3174,1,4.57
59,51.4,162.2,3,1,1907,2,-0.17
17,81.8,179.9,2,0,2404,1,2.2
28,125.9,169.3,3,1,3347,2,5.11
55,83.4,192.7,3,0,2431,2,1.6
17,52.4,197.6,4,0,2606,2,2.23
35,96.5,194.2,2,1,2758,1,3.03
16,126.9,163.5,3,0,3216,2,4.91
52,101.1,159.7,5,0,2978,2,4.14
24,66.5,173.7,3,1,2604,2,2.58
32,81.5,150.4,5,0,2823,2,3.06
24,87.8,151.3,2,1,2347,1,1.6
26,100.0,177.7,2,0,2565,1,2.23
30,117.1,176.0,2,1,2871,1,3.62
39,54.4,199.7,3,1,2537,2,2.33
53,129.5,160.1,1,0,2296,0,1.64
50,46.2,162.9,3,1,1957,2,-0.27
45,80.2,155.7,3,0,2151,2,0.43
46,47.6,195.9,4,0,2111,2,0.57
64,82.3,188.9,4,1,2881,2,3.79
20,95.0,191.1,3,0,2887,2,3.47
59,93.6,195.1,5,1,3496,2,6.2
29,60.7,176.2,4,0,2426,1,1.87
26,106.3,172.6,3,0,2848,2,3.24
24,49.3,166.5,1,1,1661,1,-1.15
49,117.4,179.5,5,0,3537,2,5.86
27,134.9,172.7,2,0,2897,1,3.57
50,77.3,172.6,3,0,2289,2,0.8
50,94.1,196.8,3,0,2696,1,2.69
16,81.0,199.2,5,0,3421,2,5.84
55,45.6,189.8,4,0,2059,2,0.46
37,81.7,187.8,4,0,2854,2,3.51
44,120.2,184.0,4,0,3423,2,5.63
23,101.6,158.3,2,1,2454,1,1.82
26,54.6,153.0,5,0,2352,2,0.99
56,125.5,184.5,5,0,3809,2,6.99
52,95.5,186.4,4,1,3164,2,4.59
29,125.0,152.3,4,1,3508,2,5.54
45,100.1,196.4,1,1,2388,0,0.99
50,98.2,154.6,1,0,1806,0,-0.42
36,55.0,164.3,3,1,2184,2,0.73
52,60.9,183.6,3,1,2230,2,0.96
20,137.3,158.5,5,0,3940,2,7.72
34,66.7,152.8,5,0,2530,2,1.77
29,137.9,166.6,2,1,3088,1,4.12
41,95.5,188.3,2,1,2719,1,3.25
19,57.9,170.7,1,0,1685,1,-1.37
40,54.4,182.6,3,0,1963,1,-0.22
60,64.8,179.0,1,0,1599,0,-1.76
57,132.9,151.1,1,0,2187,0,0.51
40,84.3,199.4,3,0,2657,2,2.89
33,82.6,152.1,2,1,2234,1,0.17
55,74.8,198.4,3,0,2429,2,1.53
23,59.0,177.5,4,0,2490,2,1.98
54,91.3,198.2,4,0,3028,2,4.51
55,57.4,155.7,4,0,1937,2,-0.59
29,124.4,174.5,5,0,3785,2,6.56
47,80.2,158.5,2,1,2125,0,0.23
53,80.6,152.5,2,0,1981,1,0.14
48,90.0,180.9,5,1,3448,2,5.68
38,87.2,160.4,1,0,1946,0,-0.64
30,139.5,179.4,4,1,4160,2,8.45
48,96.8,155.6,4,1,2954,2,4.18
40,53.4,166.6,1,0,1472,0,-1.98
32,102.7,189.1,3,0,2923,2,3.65
48,59.4,171.9,3,0,1877,2,-0.41
62,47.9,181.4,2,0,1571,1,-1.55
17,137.2,182.4,5,0,4366,2,8.84
29,118.5,192.2,2,1,3058,1,4.05
55,138.1,166.2,3,0,3096,1,4.22
55,90.4,184.4,1,0,1987,0,-0.2
54,95.6,198.1,2,1,2606,1,2.57
21,61.0,186.5,4,0,2582,2,2.08
21,68.5,174.5,4,1,2839,2,3.16
18,124.7,181.5,1,0,2515,0,1.63
22,78.8,187.0,3,1,2806,2,3.25
23,123.5,180.6,4,0,3557,2,6.35
57,112.4,150.8,4,1,3152,2,4.38
30,61.8,159.7,5,1,2750,2,3.17
62,93.2,190.5,2,0,2278,1,1.04
44,109.4,163.6,3,0,2664,1,1.83
48,67.3,186.6,2,0,2037,1,0.13
45,123.9,168.6,3,1,3279,1,4.93
54,96.8,176.1,4,1,3154,2,4.53
42,60.7,153.4,5,1,2601,2,2.42
51,100.4,159.1,2,0,2164,1,0.43
44,140.0,197.9,4,0,3831,2,7.57
53,59.3,194.5,3,1,2498,2,1.92
48,122.6,182.6,2,0,2666,1,2.53
52,64.7,173.0,2,1,2059,1,0.45
42,119.3,183.8,4,0,3453,2,5.67
48,114.8,180.9,2,0,2554,1,2.93
19,73.5,178.4,5,1,3397,0,5.38
37,76.0,153.0,5,0,2640,2,2.6
17,120.3,181.6,4,0,3695,2,6.38
25,88.8,188.4,3,0,2736,2,3.13
20,114.4,199.7,4,0,3612,2,6.37
25,59.1,150.6,5,0,2341,2,1.23
48,126.0,186.5,1,1,2639,1,2.23
53,112.5,178.6,1,0,2182,0,0.31
28,131.2,171.7,2,1,3074,1,4.31
46,57.6,156.4,2,0,1502,1,-2.35
62,101.3,170.5,1,0,1953,0,0.21
51,101.9,167.7,5,1,3552,2,5.67
60,78.6,165.1,2,1,2117,1,0.4
39,88.6,186.5,4,0,2955,2,3.46
30,48.6,185.0,4,0,2326,2,1.28
44,115.9,179.5,5,1,3944,2,7.58
23,97.2,196.9,2,1,2924,1,3.73
20,50.5,167.5,4,1,2533,2,1.62
44,109.7,162.2,2,1,2591,1,2.07
62,89.3,182.8,2,0,2112,1,0.73
19,48.3,159.9,4,0,2103,2,0.6
27,137.1,165.8,1,0,2549,2,1.39
60,135.2,161.2,4,0,3259,2,5.02
17,93.7,153.5,5,0,3151,2,4.18
42,53.9,191.4,3,1,2394,2,1.36
46,116.7,162.7,4,1,3421,2,5.47
51,91.7,173.7,2,1,2474,1,2.31
51,73.7,152.2,2,0,1753,1,-1.27
41,91.7,185.0,4,1,3165,2,4.12
58,94.6,166.5,3,0,2364,1,1.55
42,98.5,187.2,4,0,3079,2,4.2
20,86.9,170.6,3,0,2504,2,2.32
35,102.5,159.8,3,1,2943,1,3.57
26,132.3,175.7,5,0,4053,2,8.36
25,79.4,156.5,2,0,2063,1,0.25
55,113.9,172.0,2,1,2742,1,3.05
53,130.0,165.9,3,0,2930,1,4.11
21,88.3,195.6,2,1,2786,1,3.01
23,87.1,153.0,1,0,1857,1,-0.24
38,102.2,184.7,3,1,3077,1,4.01
62,101.2,159.1,2,0,2073,1,0.35
41,121.6,166.0,1,0,2348,0,0.92
61,90.3,170.8,5,1,3154,2,4.35
58,139.6,195.4,2,0,3014,1,3.63
27,50.6,162.1,1,1,1574,1,-1.29
41,45.3,154.6,4,0,1875,2,0.04
28,105.8,165.9,4,1,3434,2,5.48
55,73.4,155.2,1,0,1526,0,-2.08
33,67.8,156.4,3,0,2050,2,-0.2
40,74.6,178.7,3,0,2348,2,1.44
48,69.3,153.0,2,1,2060,1,0.05
62,47.9,151.5,4,1,1846,1,-0.76
55,137.3,185.7,3,1,3548,1,6.52
58,66.0,168.1,3,1,2164,2,0.55
27,114.7,156.3,4,1,3439,2,5.78
59,117.4,162.7,5,0,3285,2,5.02
51,133.3,182.1,3,0,3164,2,4.13
63,47.9,163.8,1,0,1231,0,-3.55
19,127.8,174.7,2,0,2851,1,3.46
20,95.1,156.1,3,0,2633,2,2.98
52,105.1,179.4,3,1,2882,1,3.53
23,106.2,165.8,5,0,3490,2,5.99
57,122.9,181.3,1,1,2482,0,1.61
64,76.7,190.4,2,0,1971,1,0.19
43,114.6,180.6,3,1,3211,1,5.02
46,95.2,164.8,2,1,2338,1,1.11
24,120.4,162.8,4,1,3635,2,6.53
44,139.1,166.4,3,0,3106,1,3.78
29,64.1,158.2,3,0,2075,2,0.51
55,139.5,159.1,4,0,3323,2,4.98
56,53.5,189.5,5,0,2407,2,1.22
37,45.2,169.2,3,1,2076,2,0.42
26,49.2,171.8,2,1,1942,1,-0.76
38,77.5,179.7,1,1,2053,0,0.31
16,105.1,179.5,2,1,2809,1,2.81
61,51.6,153.4,5,0,1947,2,-0.61
52,45.5,191.6,1,1,1766,0,-0.9
36,134.0,158.9,2,0,2879,1,3.37
41,123.1,186.2,2,1,3022,1,4.42
61,121.9,188.6,4,1,3658,2,6.07
51,129.0,185.7,5,1,4093,2,8.57
38,111.5,178.9,4,0,3322,2,4.81
16,54.9,150.7,1,0,1539,1,-1.52
55,82.9,168.0,4,1,2752,2,3.26
30,113.7,180.2,5,1,4087,2,8.23
36,71.6,169.4,3,1,2467,2,1.58
62,110.3,193.2,3,0,2828,1,2.77
24,47.3,165.4,1,0,1495,1,-2.55
24,74.1,164.7,3,0,2255,2,1.55
25,97.2,163.3,4,1,3281,2,4.9
41,105.0,166.6,1,0,2018,0,-0.26
56,99.8,177.9,5,1,3434,2,5.24
50,111.3,185.4,1,0,2187,0,0.78
40,45.6,183.1,1,1,1724,0,-1.19
41,54.6,190.4,2,1,2081,1,-0.26
26,127.5,194.3,2,0,2956,1,3.98
53,109.8,190.8,1,1,2406,0,1.68
17,55.7,150.9,3,1,2200,2,1.33
22,125.0,186.8,2,1,3121,1,4.71
33,68.0,160.4,5,0,2520,2,1.1
42,90.4,156.6,4,1,3001,2,4.32
49,58.8,181.9,2,0,1771,1,-0.53
42,112.5,166.0,1,0,2133,0,0.3
32,108.4,152.9,3,1,2902,2,3.38
58,65.1,156.9,4,0,2015,2,0.18
59,127.0,150.0,2,1,2668,1,2.3
39,83.1,195.2,3,0,2675,2,2.56
40,72.8,151.2,3,1,2276,2,1.37
22,59.5,160.5,3,0,1995,1,0.13
21,70.3,170.8,1,1,2068,1,0.07
39,47.1,167.8,5,1,2522,2,2.34
48,100.4,195.6,3,1,3173,1,4.66
64,125.0,152.0,4,1,3140,2,4.52
44,97.2,175.6,2,0,2331,1,1.13
58,65.8,184.0,4,0,2438,2,1.7
37,48.2,196.6,1,1,1819,0,-0.94
41,65.4,181.0,1,0,1692,0,-1.78
43,84.5,190.2,4,1,3161,2,4.44
36,117.2,154.2,5,1,3697,2,6.57
64,62.8,169.3,1,0,1431,0,-2.18
22,113.4,168.7,1,0,2284,2,1.47
32,127.4,194.3,4,1,3993,2,7.57
35,88.1,157.6,1,0,1898,0,-0.51
56,123.0,157.6,5,1,3710,2,6.89
64,97.7,166.4,5,0,2931,2,3.4
35,105.5,152.7,5,0,3221,2,4.8
37,95.0,159.1,2,0,2185,1,0.6
43,89.0,198.3,5,0,3292,2,4.96
55,67.3,171.4,5,0,2456,2,2.0
64,73.8,181.6,2,1,2142,1,0.44
22,72.5,186.3,3,0,2456,2,2.02
16,98.5,168.3,1,0,2131,0,-0.08
47,56.4,157.4,5,1,2477,2,1.43
28,132.1,160.3,1,1,2732,2,2.16
45,113.5,165.7,4,1,3225,2,4.42
38,83.1,181.8,1,0,1931,0,0.29
34,60.1,169.9,2,0,1917,1,-0.33
47,128.8,150.3,1,1,2403,0,1.35
45,123.3,176.2,1,1,2574,0,2.47
44,113.6,196.1,1,1,2580,0,2.54
64,70.8,190.6,3,1,2422,2,1.28
60,83.2,191.3,3,0,2316,2,1.98
44,54.8,189.8,4,0,2343,2,1.42
45,63.0,166.2,2,0,1724,1,-0.95
31,119.4,188.3,1,0,2425,0,1.81
55,112.9,157.2,1,0,1986,0,0.09
34,101.4,182.9,1,1,2477,0,1.67
33,130.1,182.1,1,0,2656,0,3.19
16,100.4,151.3,3,1,2916,2,3.49
29,89.4,189.4,4,1,3319,2,5.43
62,77.3,195.2,5,1,3149,0,4.33
17,134.3,163.4,2,0,2936,1,3.45
43,52.9,190.6,1,1,1901,0,0.19
64,133.4,154.1,4,0,3121,2,4.34
45,123.5,180.0,5,1,3948,2,7.58
53,57.3,174.3,4,0,2167,2,0.73
19,98.7,177.3,3,1,3157,2,5.29
16,127.3,196.3,5,0,4213,2,9.27
23,99.3,193.6,4,1,3619,2,6.69
44,131.2,189.3,3,1,3556,1,6.92
54,134.6,163.7,4,1,3626,2,6.05
18,85.1,195.6,4,1,3391,2,5.62
47,80.8,154.9,5,0,2674,2,2.65
25,134.0,192.7,3,0,3479,2,5.23
25,109.1,166.4,1,0,2140,0,0.69
34,56.0,152.7,2,1,1753,1,-1.11
61,49.0,183.5,5,1,2603,2,2.81
49,98.6,161.6,3,1,2753,1,2.81
48,133.4,162.2,4,1,3648,2,6.29
38,125.2,165.3,3,1,3233,1,5.26
43,109.2,153.2,2,1,2503,1,1.94
47,58.2,158.9,2,0,1567,1,-1.34
22,69.2,150.3,1,0,1610,1,-1.39
44,128.2,172.3,1,0,2267,0,1.17
23,62.4,154.2,2,0,1767,1,-0.98
16,71.5,184.1,5,0,3071,2,4.32
18,57.3,161.8,5,0,2564,2,2.16
39,109.2,197.2,4,0,3394,2,5.19
38,134.7,193.6,1,0,2686,0,2.64
23,70.6,164.5,4,1,2868,2,3.77
62,90.2,189.2,1,1,2188,1,0.89
52,105.3,190.2,2,1,2754,0,3.17
18,139.9,199.3,5,1,4865,2,11.16
48,55.0,179.9,5,1,2685,2,2.09
43,92.4,154.1,2,1,2343,1,0.97
62,81.6,182.3,4,1,2931,2,3.54
23,127.3,181.2,4,0,3690,2,6.24
49,90.2,181.9,3,0,2627,1,2.29
50,55.5,165.4,1,1,1536,0,-1.97
47,105.3,193.0,4,0,3156,2,4.34
39,118.2,198.0,2,0,2880,1,3.86
29,45.3,160.9,4,0,2001,2,-0.01
47,126.6,154.4,5,0,3552,2,6.33
61,62.7,159.7,1,0,1390,0,-2.33
58,97.4,191.0,3,1,2876,1,3.84
31,84.5,183.8,1,0,2003,1,0.32
19,113.4,181.8,5,1,4065,2,7.87
52,80.3,170.1,5,1,3004,2,4.5
36,127.6,178.9,5,1,4265,2,8.69
29,114.4,165.4,5,0,3600,2,6.29
46,106.5,173.9,2,1,2668,1,2.71
63,120.6,189.7,3,1,3141,1,4.59
33,116.6,199.1,5,1,4258,2,9.04
22,48.4,196.6,5,1,2994,1,3.65
25,82.5,196.7,4,0,3109,2,4.54
22,133.4,170.1,3,1,3524,2,6.11
48,56.9,173.4,1,1,1648,0,-1.37
38,115.0,185.3,3,1,3293,1,4.98
36,137.6,196.1,3,1,3729,1,6.49
34,50.0,157.1,3,0,1857,2,-0.41
63,109.8,165.2,5,1,3423,2,5.34
34,89.5,157.0,5,1,3180,2,4.67
51,100.0,180.6,2,1,2476,1,1.82
44,53.1,165.3,1,1,1618,0,-1.89
33,49.1,166.3,4,1,2336,2,1.03
17,108.4,153.5,3,1,2971,2,3.91
16,123.2,167.5,1,0,2505,0,1.81
62,119.3,193.1,1,1,2547,0,1.96
20,96.7,161.7,2,0,2358,1,1.17
35,54.5,184.8,4,0,2420,2,1.42
26,110.4,181.5,3,1,3308,2,5.59
57,68.0,193.2,4,0,2445,2,1.4
17,131.6,156.6,2,1,2993,1,4.31
18,124.6,198.9,5,0,4294,2,8.84
38,112.4,179.1,1,1,2490,0,1.71
27,135.1,199.8,3,0,3580,1,6.27
35,48.0,195.6,5,0,2553,2,2.17
20,114.9,161.1,2,1,2864,1,3.31
52,76.4,152.8,4,0,2201,2,0.85
53,131.1,162.8,1,0,2277,0,1.09
45,70.3,176.4,3,0,2273,2,1.0
24,113.9,158.6,5,0,3480,2,6.05
49,128.4,158.4,5,0,3470,2,5.29
59,49.0,173.1,1,1,1485,0,-2.28
50,82.8,151.7,4,0,2404,2,1.34
37,117.4,156.1,2,0,2493,1,1.6
59,88.2,170.8,4,1,2856,2,3.36
39,70.4,153.2,4,1,2512,2,2.15
32,65.9,169.8,4,1,2724,2,2.23
25,57.5,173.7,1,0,1607,1,-1.67
45,126.4,172.6,1,0,2363,0,1.32
61,99.7,193.5,2,0,2356,0,1.3
38,52.3,176.5,4,0,2154,0,0.21
47,81.3,173.4,1,1,1969,0,-0.22
32,79.9,170.5,2,1,2333,1,1.02
32,62.3,190.9,2,0,2053,1,0.11
29,86.4,194.8,4,0,3074,2,3.67
24,76.5,192.7,3,0,2433,2,1.59
55,77.5,183.7,4,0,2524,2,1.83
17,115.2,156.9,3,1,3162,2,4.45
60,66.2,163.8,2,1,1988,1,0.04
40,106.0,152.3,1,0,1927,0,-0.3
54,99.2,196.5,5,1,3724,2,6.95
24,99.0,183.0,2,0,2622,1,2.32
37,108.0,187.3,1,0,2220,0,1.04
58,97.1,165.6,2,1,2386,1,1.84
61,128.5,192.3,4,0,3446,2,5.72
19,109.2,163.0,3,1,3106,2,4.3
41,97.0,150.1,2,0,2080,1,0.43
44,123.8,168.8,1,1,2457,0,1.88
60,102.6,178.5,4,0,3035,2,4.33
49,72.7,173.9,5,1,3032,2,4.26
38,64.7,193.1,4,0,2647,2,2.76
52,59.5,155.3,3,0,1798,2,-0.77
26,130.4,177.7,4,1,3870,2,7.39
21,112.5,175.6,5,0,3737,2,6.86
33,134.1,164.1,1,1,2701,0,2.37
36,102.3,191.1,2,1,2766,1,3.3
57,90.0,187.6,3,0,2569,2,1.72
51,50.7,186.6,5,0,2424,2,1.87
56,108.8,193.8,3,0,2973,1,3.87
53,100.3,186.1,4,0,2981,2,3.74
49,139.1,161.6,3,1,3294,0,5.16
32,67.7,185.3,5,0,2859,2,3.47
52,95.4,165.4,2,0,2226,2,0.49
40,106.8,162.1,2,0,2274,1,1.49
53,106.2,153.7,3,1,2629,1,2.47
27,98.3,187.2,1,0,2233,0,1.6
38,118.8,185.6,3,1,3330,1,5.42
57,64.5,161.7,4,0,2087,2,0.35
37,113.9,187.5,2,1,2977,1,3.6
36,103.9,195.9,2,0,2615,1,2.36
42,130.1,155.4,2,0,2521,1,2.07
46,125.5,161.6,1,1,2550,0,2.58
21,74.9,187.5,1,0,1937,1,0.12
42,71.2,163.7,5,0,2540,2,2.24
55,138.3,181.2,3,0,3278,1,5.51
49,95.1,154.1,3,1,2575,1,1.64
27,131.1,172.6,4,0,3609,2,6.41
60,60.6,187.0,2,1,2058,1,0.6
22,106.1,184.3,1,1,2583,0,2.44
25,121.9,190.8,4,1,3936,2,7.14
60,135.0,193.9,4,0,3700,2,7.04
32,77.0,188.7,1,1,2047,1,0.41
41,113.9,183.6,3,1,3271,1,5.06
36,96.2,151.6,2,0,2114,2,0.47
43,50.8,176.7,3,1,2242,2,1.54
61,110.5,151.9,4,1,3034,2,4.16
17,110.6,190.4,2,0,2785,1,2.98
58,133.4,166.0,5,0,3683,2,6.31
16,92.2,178.1,4,1,3427,1,5.79
51,66.9,164.0,3,0,2012,2,0.34
41,49.2,189.1,3,0,1976,2,-0.07
44,84.5,194.3,3,0,2577,2,2.08
36,73.7,169.9,1,1,1948,0,0.2
26,117.3,193.1,4,1,3888,2,7.09
55,78.7,163.4,2,0,1923,1,0.29
26,135.2,176.7,3,1,3513,2,5.67
51,136.4,192.9,3,0,3356,1,4.9
64,104.0,166.3,1,0,1903,0,-0.72
54,133.2,197.7,2,0,2896,1,3.16
55,117.3,156.1,4,0,2917,2,3.5
50,97.0,150.9,5,0,2843,2,3.14
49,62.1,195.2,1,1,1742,0,-0.7
62,88.6,153.4,4,1,2621,2,2.68
39,98.3,199.6,5,1,3833,2,7.07
37,127.1,197.6,3,1,3631,1,7.29
20,90.7,156.9,3,0,2481,0,1.8
48,130.3,176.9,2,0,2749,1,2.89
51,109.1,159.2,5,1,3565,2,5.72
62,58.0,171.4,3,1,2137,2,0.51
35,139.5,153.1,3,0,3170,1,4.65
34,95.1,161.2,2,0,2213,1,0.47
50,82.2,168.2,4,0,2550,2,1.99
58,107.6,171.9,3,1,2880,1,3.53
32,55.3,198.9,1,0,1761,1,-1.09
60,105.5,190.4,1,0,2161,0,0.41
58,92.3,186.9,4,1,3086,2,4.47
49,83.6,176.9,5,1,3308,2,4.71
24,135.5,192.0,2,1,3347,1,4.92
41,94.6,167.0,1,0,1980,0,-0.03
17,65.8,185.4,1,0,1958,1,0.09
24,88.6,199.7,4,1,3534,2,6.07
24,132.3,165.7,5,0,3878,2,7.25
55,61.7,183.7,5,0,2548,2,2.04
32,65.3,192.2,4,0,2688,2,2.98
16,46.2,195.8,1,1,1978,1,0.17
40,46.3,185.9,2,1,1911,1,-0.33
58,123.8,164.2,1,0,2143,0,0.47
55,114.6,166.3,5,0,3373,2,5.36
57,78.7,151.0,1,0,1504,0,-2.15
40,111.3,188.0,2,0,2636,1,2.43
54,82.5,152.1,3,1,2421,2,1.49
50,135.5,193.2,1,1,2779,2,3.01
18,136.9,155.9,4,0,3573,2,5.99
52,82.3,158.6,3,0,2116,2,0.61
59,126.2,173.8,4,1,3567,2,6.35
59,118.4,186.9,4,0,3205,2,4.58
45,74.4,157.0,4,1,2585,2,2.03
53,67.0,172.0,1,0,1600,0,-1.34
49,88.5,174.1,5,1,3359,2,5.35
27,119.2,160.6,3,0,2979,2,3.7
34,136.2,155.8,2,0,2721,1,3.22
52,117.5,191.8,5,1,4086,2,7.96
59,126.2,175.1,1,1,2465,0,1.22
64,102.3,150.7,4,0,2498,2,1.73
32,124.4,190.1,2,0,2894,0,3.97
25,119.5,199.0,3,1,3667,2,6.4
64,80.8,180.3,5,1,3086,2,4.08
62,97.4,175.2,5,0,3037,2,4.05
27,121.5,193.9,2,0,3011,1,4.24
31,49.4,197.6,1,1,1823,0,-0.71
39,121.8,187.7,3,1,3347,1,5.43
34,61.9,172.3,2,1,2024,1,0.04
23,93.9,179.6,4,1,3385,2,5.58
46,121.8,185.0,3,1,3340,1,5.27
36,69.1,159.7,5,0,2639,2,2.37
32,68.4,172.4,2,0,1992,1,0.05
38,83.3,191.5,5,1,3484,2,5.62
52,130.0,182.7,5,0,3840,2,6.76
31,45.0,170.6,5,0,2287,2,1.11
21,130.6,183.2,1,1,2738,0,2.49
23,59.6,155.9,5,0,2595,1,2.5
40,139.1,170.1,4,0,3636,2,6.36
33,135.7,189.7,4,0,3834,2,7.57
40,92.0,161.0,3,1,2714,1,2.68
27,93.7,159.3,5,1,3461,2,5.68
30,90.7,197.5,5,0,3472,2,5.29
41,105.4,160.5,2,0,2293,1,0.81
56,53.6,163.0,1,0,1367,0,-2.97
60,48.1,198.5,3,0,1973,2,0.22
41,50.5,186.7,5,0,2441,2,1.58
62,87.2,185.0,2,0,2212,1,1.22
47,71.2,192.6,1,1,2038,0,-0.66
25,104.1,155.8,3,0,2716,2,3.25
31,139.3,185.3,3,0,3534,2,5.96
22,81.7,175.2,5,1,3434,2,5.69
32,99.5,191.5,3,0,2916,2,3.25
38,84.5,175.4,2,0,2227,1,1.04
41,125.5,181.0,3,0,3095,1,4.15
36,130.7,173.9,4,0,3544,2,5.66
37,128.3,173.9,2,1,3018,1,3.6
22,137.6,188.4,1,0,2691,0,2.32
29,47.6,181.4,1,1,1880,1,-0.35
30,124.8,181.7,5,0,3867,2,7.08
22,116.4,172.5,5,0,3681,2,6.06
24,66.7,176.6,4,1,2922,2,3.7
63,135.9,187.3,1,0,2499,0,1.29
23,59.1,191.3,1,1,1960,1,0.24
38,109.6,184.8,1,1,2509,0,2.58
44,66.4,196.2,1,1,2083,0,-0.07
33,86.0,191.0,3,0,2676,2,2.95
46,113.3,178.1,2,0,2681,1,2.76
45,98.5,183.6,2,0,2315,1,1.08
54,85.6,196.3,4,0,2885,0,3.31
50,76.0,181.0,3,1,2610,2,2.57
33,124.8,191.2,1,0,2585,0,2.27
57,58.7,184.4,1,0,1542,0,-2.56
54,85.9,177.6,5,1,3222,2,5.38
32,130.9,162.1,5,1,4139,2,8.46
29,125.4,171.3,4,0,3522,2,5.91
46,83.1,198.4,1,1,2245,0,0.74
39,117.5,182.9,4,1,3723,2,6.66
50,123.2,178.2,3,1,3205,1,5.08
59,129.4,196.6,2,1,3060,1,4.21
60,96.7,179.3,1,1,2105,2,0.52
49,64.4,176.3,3,0,2058,2,-0.15
18,69.3,188.0,1,0,1990,1,-0.14
52,73.1,185.6,5,0,2799,2,3.13
58,101.4,159.7,4,0,2823,2,3.42
55,48.1,173.6,5,0,2157,2,0.49
41,105.4,173.6,2,0,2441,1,2.0
38,79.6,168.9,5,0,2857,2,3.0
59,73.0,175.9,1,1,1816,0,-0.7
54,128.6,170.7,5,0,3647,2,6.39
30,88.7,160.0,1,0,1947,1,-0.66
64,54.0,170.6,2,0,1553,1,-1.75
19,123.5,153.6,5,1,3961,0,7.46
44,49.5,178.8,4,0,2078,2,0.73
37,114.0,192.7,4,0,3425,1,5.43
40,118.5,186.3,4,1,3720,2,6.81
28,78.5,168.0,5,0,2974,2,3.43
33,123.4,154.4,5,0,3490,2,5.88
48,94.0,160.1,5,1,3225,2,4.65
31,89.0,177.3,1,0,2026,1,-0.13
60,49.3,160.4,2,1,1559,2,-0.87
57,72.6,177.2,4,0,2351,2,1.26
59,133.4,161.6,1,0,2232,0,0.84
17,82.2,192.4,4,0,3029,2,4.28
50,96.9,169.9,1,1,2153,0,0.36
57,95.5,162.3,5,1,3202,2,4.81
49,101.1,190.6,4,1,3357,2,5.44
45,50.8,167.1,5,0,2239,2,1.0
28,79.4,155.6,4,0,2614,2,3.08
28,113.7,178.5,3,1,3364,2,5.07
33,64.1,179.1,1,1,1824,1,-0.23
47,64.3,185.7,3,0,2212,2,0.97
47,46.0,162.0,1,0,1282,0,-2.52
50,86.6,172.2,2,0,2113,1,0.54
54,128.9,164.1,4,0,3229,2,5.35
61,49.9,154.0,2,1,1604,2,-1.64
44,63.2,193.8,2,0,2018,1,0.22
64,74.5,186.4,1,0,1686,0,-0.83
44,114.5,165.1,3,0,2739,1,2.71
59,105.9,180.0,5,0,3260,2,5.21
31,84.5,160.1,1,0,1847,1,-0.6
59,117.1,194.5,5,0,3698,2,6.25
62,102.9,155.7,2,0,2149,1,0.14
25,130.1,150.2,5,1,4003,2,7.78
45,122.7,175.1,3,1,3272,0,5.25
40,69.0,179.2,1,1,1986,0,-0.68
54,70.8,178.9,3,0,2221,2,0.92
35,56.9,152.7,3,1,2095,2,0.64
20,77.0,165.7,1,0,1843,1,-1.0
16,140.0,175.0,3,0,3500,2,5.65
45,83.5,160.8,4,0,2452,2,1.93
64,65.9,193.6,4,0,2386,2,1.76
18,117.4,154.4,4,1,3581,2,6.64
60,96.5,174.4,5,0,3061,2,3.96
29,59.2,184.6,3,0,2218,2,0.6
45,81.2,163.1,1,1,1944,0,0.28
19,84.4,181.2,1,1,2222,1,0.64
33,116.6,191.5,5,1,4221,2,8.8
52,47.0,159.5,1,0,1251,0,-2.26
40,70.6,195.9,4,1,2979,2,4.04
63,94.2,177.7,3,0,2425,1,1.89
16,70.5,165.0,1,0,1791,1,-0.43
61,104.7,171.5,1,1,2161,0,0.78
30,90.8,165.6,2,1,2505,1,2.2
24,79.4,186.3,2,1,2514,2,1.9
30,135.2,189.8,2,0,3142,1,4.8
64,105.1,191.6,3,0,2813,1,3.29
39,57.3,199.3,4,0,2479,2,1.42
19,98.2,189.6,4,0,3300,2,5.14
27,119.2,180.1,4,0,3454,2,5.01
52,112.3,167.0,3,0,2689,1,2.9
52,61.3,177.2,3,1,2373,2,1.38
58,137.4,152.1,2,0,2560,1,2.75
21,87.6,187.2,1,1,2354,1,1.53
54,60.1,172.3,5,1,2712,2,3.05
61,62.1,151.0,5,1,2353,2,1.06
39,54.3,153.1,1,1,1530,0,-1.63
26,121.3,169.4,2,1,2892,1,3.28
28,56.6,179.2,1,0,1617,1,-1.16
49,56.9,173.2,1,0,1352,0,-2.86
40,125.8,181.0,5,0,3880,2,7.36
22,77.7,174.0,2,0,2294,1,0.8
19,47.9,183.1,3,1,2384,2,1.54
23,49.9,161.0,5,1,2580,2,2.87
35,58.5,155.6,3,1,2119,2,0.68
44,65.3,179.8,2,0,1896,1,-0.41
60,108.2,174.2,1,0,2001,0,-0.73
61,59.9,151.3,4,0,1905,2,-0.53
25,56.3,169.0,4,0,2341,2,1.47
58,117.6,155.3,2,1,2503,1,1.81
49,108.8,176.6,4,1,3402,2,5.89
41,86.4,169.8,3,0,2492,2,1.94
56,97.2,180.7,4,0,2959,2,4.06
64,74.6,190.3,2,1,2372,1,1.51
18,90.8,165.0,2,1,2505,1,1.88
21,93.1,198.1,3,1,3349,2,5.11
20,81.8,176.8,4,1,3135,2,4.12
20,131.1,180.9,4,0,3733,1,7.08
62,46.5,184.0,1,1,1589,0,-1.73
38,119.3,183.3,5,1,4063,2,8.2
64,56.8,175.5,2,1,1877,1,-0.64
24,120.8,171.4,1,1,2531,2,1.74
50,103.5,152.7,2,0,2158,1,0.78
35,125.1,151.1,1,0,2296,0,0.93
64,54.3,167.9,5,0,2108,2,0.3
57,98.1,166.7,1,0,1899,0,-0.77
50,92.6,169.4,2,0,2188,1,0.58
33,112.1,156.9,4,0,3121,2,4.38
32,95.8,186.9,2,1,2627,1,2.36
39,96.4,192.8,3,1,3097,1,4.52
18,85.8,196.9,3,1,3093,2,4.3
47,74.3,174.6,3,1,2496,2,2.86
50,90.8,185.0,3,0,2616,1,2.53
53,56.3,192.8,5,1,2804,2,2.61
28,136.3,170.9,4,0,3625,2,6.27
62,112.9,165.5,4,1,3108,2,4.28
40,135.5,196.8,2,1,3259,1,4.72
24,66.5,175.8,1,1,2045,1,0.2
19,128.5,174.9,2,0,2912,1,3.36
29,121.8,158.9,2,1,2781,1,3.14
52,109.3,155.4,2,0,2236,1,0.35
49,104.4,192.1,2,0,2453,1,2.11
26,75.1,180.7,4,1,2971,2,3.31
56,122.6,166.3,1,0,2208,0,0.73
18,92.6,159.6,2,0,2241,1,0.72
43,51.7,177.8,4,1,2502,2,2.05
44,74.7,179.2,2,1,2268,1,0.99
24,133.9,160.3,3,1,3454,2,5.74
18,125.8,192.6,2,1,3254,1,5.22
40,138.3,154.2,2,1,2997,1,4.12
49,104.7,167.8,5,1,3564,2,6.11
27,68.5,184.0,3,0,2403,2,1.71
57,60.5,163.7,1,1,1646,0,-0.79
24,62.8,191.4,2,1,2339,1,1.56
30,46.9,187.0,1,0,1619,0,-1.57
55,82.1,189.5,3,1,2673,2,3.0
40,63.2,156.0,2,0,1713,1,-1.0
20,84.1,157.0,5,1,3269,2,4.65
26,133.8,164.3,4,1,3842,2,7.12
49,85.9,175.9,5,0,2915,2,3.12
39,128.4,187.4,5,1,4328,2,8.38
30,102.5,191.8,4,0,3366,2,5.04
53,68.5,185.2,4,1,2788,2,3.11
23,78.8,196.4,4,1,3225,2,4.81
20,53.0,186.9,2,0,2040,1,-0.27
63,76.7,165.3,1,1,1772,0,-1.6
41,109.4,163.3,1,1,2327,0,1.71
33,51.9,184.8,4,0,2279,2,1.12
21,64.5,159.6,5,1,2939,2,4.12
52,81.2,154.6,3,0,2120,2,0.92
63,138.3,176.6,4,1,3681,2,6.77
28,119.6,191.1,5,0,3999,2,7.81
43,114.7,155.1,5,1,3689,2,6.46
20,56.0,189.6,2,0,2032,1,0.34
28,119.2,190.6,2,0,2931,1,3.58
32,119.6,174.1,1,1,2546,0,1.95
55,102.1,152.9,1,1,2090,0,-0.28
60,139.1,158.7,3,0,2868,1,3.36
47,75.9,185.4,3,1,2737,2,3.2
44,134.4,185.6,3,0,3366,1,5.7
18,131.9,194.9,3,1,3787,2,6.98
55,46.1,179.1,5,1,2391,2,1.26
49,87.8,156.2,5,0,2765,2,3.25
55,137.8,156.1,1,0,2229,0,0.89
42,54.8,186.1,2,1,2093,1,0.25
28,97.0,159.2,2,1,2537,0,1.66
60,138.0,166.4,4,1,3619,0,6.94
48,97.8,174.4,5,1,3538,2,6.21
21,63.0,151.2,3,1,2327,2,1.53
39,100.3,162.4,3,0,2625,1,2.18
34,64.4,170.4,4,1,2664,2,2.61
31,94.4,164.0,2,1,2430,1,1.65
55,52.0,156.8,3,0,1699,2,-0.94
43,102.5,186.4,2,0,2481,1,2.28
48,94.1,190.7,4,0,2917,2,3.14
63,115.3,162.9,2,1,2627,1,2.12
56,104.9,188.7,2,0,2563,2,2.39
28,97.2,169.3,2,0,2375,1,1.31
58,110.5,175.3,3,0,2821,1,3.44
60,58.7,192.8,1,0,1601,0,-1.66
40,101.6,187.5,5,1,3767,2,6.51
57,61.4,190.3,2,1,2062,1,-0.29
51,132.9,156.8,2,1,2914,1,3.71
42,51.5,153.5,2,0,1478,1,-1.88
53,85.9,194.7,1,0,2016,0,0.35
22,111.1,169.4,4,0,3247,2,4.96
20,88.5,164.4,3,0,2537,2,0.96
58,53.7,186.2,1,0,1552,0,-1.59
60,97.6,191.8,2,0,2337,1,0.88
46,106.0,193.1,1,1,2430,0,1.11
38,111.9,165.8,1,1,2420,0,1.04
57,80.5,192.6,1,0,1955,1,-0.8
25,98.5,152.0,4,1,3164,2,4.62
47,87.8,152.5,5,0,2694,2,2.48
58,108.8,181.2,3,0,2718,1,2.34
45,100.4,153.2,4,1,3008,0,3.94
54,94.9,166.2,4,0,2703,2,2.41
46,68.7,183.6,5,1,3009,2,4.23
33,45.2,166.9,4,0,2052,2,0.64
51,61.5,159.0,1,0,1436,0,-2.26
17,56.1,164.1,1,1,1722,1,-0.67
29,87.7,172.9,2,0,2224,1,1.28
28,103.2,173.8,4,0,3109,2,4.34
44,65.2,189.2,2,0,1995,0,0.5
27,134.2,187.5,3,1,3790,2,6.79
54,45.6,172.8,1,0,1339,0,-3.16
17,118.4,192.3,3,0,3274,2,4.5
47,104.4,155.7,5,0,3091,2,4.05
28,80.5,162.8,1,1,2007,1,0.19
61,49.8,191.4,3,1,2177,2,0.34
42,104.6,168.9,5,1,3633,2,6.16
64,81.6,199.1,3,1,2766,2,2.61
56,133.9,173.3,5,1,4079,2,7.91
32,96.5,189.6,5,0,3557,2,6.47
55,134.3,170.1,1,1,2608,0,2.48
46,65.9,171.2,2,1,2034,1,-0.04
49,113.9,169.1,5,0,3513,2,6.26
39,103.6,186.0,5,1,3833,2,7.15
60,115.2,177.4,1,0,2118,0,0.5
50,65.4,197.2,2,1,2340,1,1.67
63,108.2,162.5,4,0,2901,2,3.41
21,92.3,155.0,4,0,2803,2,3.4
34,115.6,169.7,2,1,2795,1,3.35
45,76.1,180.8,3,1,2581,0,2.22
22,129.6,193.0,1,0,2713,0,2.36
25,53.0,167.3,2,0,1837,1,-0.63
56,121.7,182.7,4,0,3336,2,5.55
47,126.8,167.5,5,0,3652,2,6.68
49,122.6,180.9,4,0,3440,2,6.12
43,93.7,194.2,5,0,3357,2,5.14
30,86.6,161.6,1,0,1930,1,-0.04
45,139.6,170.2,5,1,4242,2,8.43
52,66.8,199.7,2,0,2077,1,0.36
44,97.0,193.4,5,1,3725,2,7.05
37,108.7,178.2,3,1,3130,1,4.67
19,111.6,175.8,2,0,2674,1,2.66
35,64.4,164.2,1,0,1668,0,-1.37
47,107.1,175.9,2,1,2631,1,2.16
51,122.7,192.4,3,0,3085,1,4.16
19,49.8,184.3,1,0,1778,2,-1.26
42,131.6,164.5,4,1,3739,0,6.67
32,47.8,160.1,3,1,1932,2,-0.81
27,78.8,163.3,1,1,1986,1,-0.45
37,46.5,158.5,5,0,2018,2,0.32
32,52.3,154.8,2,0,1561,1,-1.49
25,131.6,171.0,1,1,2560,0,2.1
16,78.7,155.7,2,0,2082,2,0.34
37,85.4,158.6,5,1,3106,2,4.37
41,65.5,177.4,1,0,1680,0,-1.11
33,101.7,158.2,4,1,3103,2,4.4
29,101.5,153.2,3,0,2587,2,1.89
62,80.4,165.9,1,1,1822,0,-1.43
44,76.6,161.0,5,0,2719,2,2.5
27,129.1,175.8,1,0,2582,0,2.22
51,81.4,155.1,2,1,2148,1,0.86
50,91.9,187.6,1,0,2000,0,0.07
27,71.9,195.3,4,0,2935,2,3.8
22,119.7,187.2,1,1,2637,0,2.21
44,82.8,176.6,3,0,2333,2,1.28
26,93.8,193.0,1,0,2220,0,0.88
48,69.1,184.7,2,0,2099,0,0.16
21,138.8,150.5,1,1,2665,0,2.27
62,72.7,169.7,4,1,2548,2,2.07
30,118.2,192.5,5,1,4185,2,8.71
47,85.6,167.3,1,1,2053,0,-0.06
26,64.6,151.8,1,1,1811,2,-0.8
38,121.0,187.3,3,0,3185,1,5.02
41,76.7,190.1,4,0,2710,2,2.61
49,127.2,158.0,5,1,3802,2,7.02
61,131.9,176.9,2,0,2629,1,2.42
49,126.7,159.6,1,0,2234,0,0.86
44,48.3,186.0,5,0,2349,2,1.86
19,119.8,163.6,2,0,2642,1,2.59
32,84.1,165.8,4,1,2949,2,3.23
50,128.0,192.2,4,1,3834,2,7.6
28,105.6,173.8,5,0,3472,2,5.82
56,124.2,183.5,2,0,2701,1,2.62
54,92.4,170.1,4,1,2976,2,4.21
30,95.8,164.9,5,0,3174,2,4.34
44,58.7,181.3,4,0,2319,2,1.76
44,119.5,157.7,4,0,3055,2,4.14
26,84.8,168.6,4,1,3071,2,4.48
47,92.5,160.5,3,1,2639,0,3.41
17,119.6,184.8,2,0,2819,1,3.24
62,101.9,197.2,5,0,3433,2,5.55
29,64.1,199.8,5,0,2965,1,3.44
35,101.1,172.5,2,0,2415,1,1.58
37,83.7,162.6,2,0,2131,1,0.2
26,89.6,172.1,2,0,2358,1,1.34
42,47.7,192.4,2,1,2029,1,0.98
18,65.0,160.3,1,1,1862,1,-0.5
32,71.7,197.6,5,0,3146,2,4.3
59,112.7,167.1,1,1,2292,0,1.07
43,46.1,199.3,4,0,2264,2,0.91
44,83.8,191.9,4,0,2818,2,3.5
36,132.8,190.4,5,1,4348,2,9.12
62,55.6,165.9,4,1,2230,2,1.38
31,94.1,150.4,2,0,2148,1,0.48
52,119.7,169.1,1,0,2257,0,0.92
35,134.5,165.1,2,1,3053,1,3.83
21,115.9,151.9,4,1,3532,2,5.85
34,113.5,175.3,1,0,2244,0,0.43
20,123.5,170.2,2,0,2859,1,2.71
18,87.4,181.7,5,0,3315,2,5.31
16,121.6,181.1,2,1,3163,1,4.01
53,45.8,156.0,4,0,1664,2,-1.19
30,132.8,198.8,1,1,2923,0,3.45
49,87.1,159.3,5,0,2677,1,2.92
50,97.6,172.3,1,1,2155,1,0.09
64,69.2,174.4,5,1,2810,2,3.33
40,115.5,190.7,1,1,2556,0,2.27
39,52.3,155.0,4,1,2192,2,0.86
27,127.9,171.4,5,0,3946,2,7.92
33,123.7,181.4,3,1,3421,2,5.56
30,65.5,160.8,1,1,1794,1,-1.54
59,121.9,181.4,1,1,2477,0,1.99
31,119.7,196.2,2,0,3029,1,4.11
42,105.1,199.9,5,0,3722,1,6.64
23,80.5,151.6,3,0,2347,2,1.1
61,70.8,161.8,4,0,2183,2,0.61
40,67.0,165.5,2,0,1856,1,-0.12
32,75.3,170.0,3,0,2196,2,0.49
44,130.8,162.1,5,1,3969,2,7.15
23,52.4,160.2,3,1,2169,2,0.22
30,123.7,197.7,1,1,2700,0,2.72
42,78.1,195.9,1,0,1904,0,0.13
61,94.6,152.3,2,1,2098,1,1.04
22,120.5,166.9,5,1,4070,2,8.26
18,129.0,170.3,5,0,4037,2,7.64
44,77.8,162.0,3,1,2496,2,1.67
59,88.9,181.4,2,0,2175,1,0.94
39,84.4,182.0,5,1,3356,2,5.68
18,46.3,192.5,1,0,1601,1,-1.75
35,73.1,187.0,3,0,2337,2,1.74
61,88.6,177.1,4,0,2571,2,2.16
30,84.1,182.7,1,1,2160,1,0.84
40,113.6,163.7,2,1,2692,1,3.04
45,81.6,179.7,5,0,2899,0,3.06
29,91.5,174.5,1,0,2056,0,0.35
22,85.8,156.7,4,1,2977,2,4.23
32,115.4,162.1,4,1,3471,2,5.56
59,127.0,164.6,2,0,2590,1,1.98
35,95.5,196.2,1,1,2355,0,1.53
51,120.0,161.5,3,1,3058,1,4.16
24,73.2,164.5,1,1,1973,1,-0.2
53,96.4,168.5,4,0,2728,2,2.84
63,77.8,183.2,2,0,2034,1,-0.37
37,84.3,155.9,2,1,2296,1,1.28
17,114.6,197.7,3,0,3263,2,5.4
39,128.8,193.3,2,1,3161,1,4.31
23,56.5,178.9,2,1,2177,1,0.44
26,105.3,183.7,2,0,2613,1,2.44
28,100.3,150.8,2,0,2291,1,1.99
32,56.2,166.9,2,0,1781,1,-0.52
23,65.1,189.8,4,1,3071,2,4.15
36,74.5,153.9,1,1,1762,0,-0.92
33,60.9,164.1,5,0,2480,2,2.23
45,68.2,179.3,2,0,1902,1,-0.66
33,70.4,162.8,5,0,2682,2,2.84
61,76.9,196.7,5,1,3146,2,4.13
62,116.2,156.6,4,1,3183,2,4.89
46,99.3,189.9,2,1,2657,1,2.47
53,138.7,175.4,5,0,3872,2,7.35
47,84.4,187.5,2,0,2155,1,0.5
26,116.6,165.5,3,1,3194,2,4.86
60,127.8,175.7,3,0,3023,1,3.93
40,109.5,192.8,3,0,3005,1,4.56
48,84.1,173.3,5,0,2926,0,4.03
53,116.6,168.0,3,0,2857,1,2.95
56,64.3,176.8,4,1,2555,2,2.22
23,76.1,185.9,4,0,2813,2,3.39
26,96.9,172.2,5,1,3672,2,6.38
37,99.7,196.9,2,1,2788,1,3.43
39,47.1,164.7,1,0,1348,0,-2.21
56,134.8,173.8,2,1,2893,1,3.45
32,111.2,187.8,2,1,2976,1,4.1
27,92.1,184.5,2,0,2425,1,0.93
61,133.6,193.2,2,1,3094,1,4.67
47,86.7,199.8,1,1,2212,0,1.09
30,138.1,171.3,3,1,3598,2,5.9
31,93.7,155.6,2,1,2380,1,1.56
37,55.9,151.5,4,1,2280,2,0.48
43,117.7,186.3,5,1,4093,0,7.93
35,109.5,193.7,5,1,4097,2,8.5
48,118.4,161.0,4,1,3373,2,5.34
25,135.4,157.9,2,0,2737,1,2.85
55,118.8,153.1,1,0,2200,0,0.79
47,103.1,191.1,3,0,2923,1,3.57
48,126.4,165.6,5,1,3958,2,7.93
17,109.0,170.1,3,1,3175,0,4.39
48,83.8,175.1,1,1,2031,0,0.25
48,129.1,192.0,5,0,3944,2,7.23
56,66.1,182.5,3,0,2172,2,0.89
28,112.9,180.8,1,0,2362,0,1.32
45,128.7,158.8,3,1,3154,1,4.48
48,114.5,175.7,2,0,2509,0,1.87
28,111.2,185.8,1,0,2423,0,1.58
41,116.5,198.7,3,1,3500,1,5.54
37,89.2,160.1,2,0,2202,1,0.89
54,128.0,150.5,2,1,2727,1,3.0
17,64.3,153.8,1,0,1617,1,-1.89
53,57.1,168.8,4,1,2194,2,0.58
54,72.1,191.0,5,1,3150,2,4.49
41,95.5,150.4,1,1,2034,0,-0.05
61,93.5,172.8,2,1,2365,1,1.36
30,123.0,166.5,2,1,2925,1,4.09
49,83.4,152.6,1,0,1592,0,-1.89
57,91.0,172.5,4,1,2975,2,3.1
59,46.3,162.7,5,1,2292,2,0.96
64,83.9,167.6,3,1,2470,2,1.73
55,106.5,185.3,1,1,2391,0,1.38
26,46.5,176.1,5,0,2451,2,1.84
18,71.7,156.2,5,1,3035,2,3.73
21,64.8,198.1,2,0,2223,1,0.52
24,49.0,181.8,3,1,2347,2,1.15
21,90.5,188.3,1,1,2384,0,1.3
24,62.3,154.0,2,0,1843,1,0.02
54,115.6,152.4,2,0,2338,1,1.78
46,125.6,151.0,4,0,3223,2,4.26
47,96.8,159.4,5,1,3406,2,4.9
56,138.3,170.7,1,0,2414,0,1.59
27,87.8,196.8,1,1,2182,1,1.28
23,93.8,172.9,1,0,2152,0,0.79
23,139.0,164.5,2,0,2918,1,3.57
43,67.0,178.1,4,1,2673,0,2.49
35,134.5,155.6,3,0,3052,2,4.42
62,49.1,180.5,2,0,1556,1,-1.68
22,87.4,178.4,3,1,2951,2,4.23
26,51.7,189.6,4,1,2641,2,1.99
35,114.3,199.3,5,1,4161,2,8.55
31,102.8,162.5,1,0,2091,0,0.18
19,112.1,175.5,3,0,3072,2,4.3
21,80.6,195.4,2,0,2454,1,1.84
37,80.1,189.3,3,0,2499,2,2.1
41,49.3,174.4,5,0,2263,2,1.32
18,78.2,197.3,1,1,2291,1,1.55
56,133.3,152.9,3,0,2875,1,4.0
57,81.0,196.5,5,1,3416,2,5.52
29,124.0,152.5,2,0,2492,1,1.76
26,125.0,177.4,4,1,3842,2,6.81
33,80.5,194.5,2,0,2263,1,1.16
27,105.0,163.1,1,0,2046,0,0.43
38,54.1,173.6,2,1,2029,1,-0.29
27,54.8,166.2,2,0,1803,1,-0.42
28,49.6,197.6,2,1,2217,1,0.82
